,ene-1969,feb-1969,mar-1969,abr-1969,may-1969,jun-1969,jul-1969,ago-1969,sep-1969,oct-1969,nov-1969,dic-1969,ene-1970,feb-1970,mar-1970,abr-1970,may-1970,jun-1970,jul-1970,ago-1970,sep-1970,oct-1970,nov-1970,dic-1970,ene-1971,feb-1971,mar-1971,abr-1971,may-1971,jun-1971,jul-1971,ago-1971,sep-1971,oct-1971,nov-1971,dic-1971,ene-1972,feb-1972,mar-1972,abr-1972,may-1972,jun-1972,jul-1972,ago-1972,sep-1972,oct-1972,nov-1972,dic-1972,ene-1973,feb-1973,mar-1973,abr-1973,may-1973,jun-1973,jul-1973,ago-1973,sep-1973,oct-1973,nov-1973,dic-1973,ene-1974,feb-1974,mar-1974,abr-1974,may-1974,jun-1974,jul-1974,ago-1974,sep-1974,oct-1974,nov-1974,dic-1974,ene-1975,feb-1975,mar-1975,abr-1975,may-1975,jun-1975,jul-1975,ago-1975,sep-1975,oct-1975,nov-1975,dic-1975,ene-1976,feb-1976,mar-1976,abr-1976,may-1976,jun-1976,jul-1976,ago-1976,sep-1976,oct-1976,nov-1976,dic-1976,ene-1977,feb-1977,mar-1977,abr-1977,may-1977,jun-1977,jul-1977,ago-1977,sep-1977,oct-1977,nov-1977,dic-1977,ene-1978,feb-1978,mar-1978,abr-1978,may-1978,jun-1978,jul-1978,ago-1978,sep-1978,oct-1978,nov-1978,dic-1978,ene-1979,feb-1979,mar-1979,abr-1979,may-1979,jun-1979,jul-1979,ago-1979,sep-1979,oct-1979,nov-1979,dic-1979,ene-1980,feb-1980,mar-1980,abr-1980,may-1980,jun-1980,jul-1980,ago-1980,sep-1980,oct-1980,nov-1980,dic-1980,ene-1981,feb-1981,mar-1981,abr-1981,may-1981,jun-1981,jul-1981,ago-1981,sep-1981,oct-1981,nov-1981,dic-1981,ene-1982,feb-1982,mar-1982,abr-1982,may-1982,jun-1982,jul-1982,ago-1982,sep-1982,oct-1982,nov-1982,dic-1982,ene-1983,feb-1983,mar-1983,abr-1983,may-1983,jun-1983,jul-1983,ago-1983,sep-1983,oct-1983,nov-1983,dic-1983,ene-1984,feb-1984,mar-1984,abr-1984,may-1984,jun-1984,jul-1984,ago-1984,sep-1984,oct-1984,nov-1984,dic-1984,ene-1985,feb-1985,mar-1985,abr-1985,may-1985,jun-1985,jul-1985,ago-1985,sep-1985,oct-1985,nov-1985,dic-1985,ene-1986,feb-1986,mar-1986,abr-1986,may-1986,jun-1986,jul-1986,ago-1986,sep-1986,oct-1986,nov-1986,dic-1986,ene-1987,feb-1987,mar-1987,abr-1987,may-1987,jun-1987,jul-1987,ago-1987,sep-1987,oct-1987,nov-1987,dic-1987,ene-1988,feb-1988,mar-1988,abr-1988,may-1988,jun-1988,jul-1988,ago-1988,sep-1988,oct-1988,nov-1988,dic-1988,ene-1989,feb-1989,mar-1989,abr-1989,may-1989,jun-1989,jul-1989,ago-1989,sep-1989,oct-1989,nov-1989,dic-1989,ene-1990,feb-1990,mar-1990,abr-1990,may-1990,jun-1990,jul-1990,ago-1990,sep-1990,oct-1990,nov-1990,dic-1990,ene-1991,feb-1991,mar-1991,abr-1991,may-1991,jun-1991,jul-1991,ago-1991,sep-1991,oct-1991,nov-1991,dic-1991,ene-1992,feb-1992,mar-1992,abr-1992,may-1992,jun-1992,jul-1992,ago-1992,sep-1992,oct-1992,nov-1992,dic-1992,ene-1993,feb-1993,mar-1993,abr-1993,may-1993,jun-1993,jul-1993,ago-1993,sep-1993,oct-1993,nov-1993,dic-1993,ene-1994,feb-1994,mar-1994,abr-1994,may-1994,jun-1994,jul-1994,ago-1994,sep-1994,oct-1994,nov-1994,dic-1994,ene-1995,feb-1995,mar-1995,abr-1995,may-1995,jun-1995,jul-1995,ago-1995,sep-1995,oct-1995,nov-1995,dic-1995,ene-1996,feb-1996,mar-1996,abr-1996,may-1996,jun-1996,jul-1996,ago-1996,sep-1996,oct-1996,nov-1996,dic-1996,ene-1997,feb-1997,mar-1997,abr-1997,may-1997,jun-1997,jul-1997,ago-1997,sep-1997,oct-1997,nov-1997,dic-1997,ene-1998,feb-1998,mar-1998,abr-1998,may-1998,jun-1998,jul-1998,ago-1998,sep-1998,oct-1998,nov-1998,dic-1998,ene-1999,feb-1999,mar-1999,abr-1999,may-1999,jun-1999,jul-1999,ago-1999,sep-1999,oct-1999,nov-1999,dic-1999,ene-2000,feb-2000,mar-2000,abr-2000,may-2000,jun-2000,jul-2000,ago-2000,sep-2000,oct-2000,nov-2000,dic-2000,ene-2001,feb-2001,mar-2001,abr-2001,may-2001,jun-2001,jul-2001,ago-2001,sep-2001,oct-2001,nov-2001,dic-2001,ene-2002,feb-2002,mar-2002,abr-2002,may-2002,jun-2002,jul-2002,ago-2002,sep-2002,oct-2002,nov-2002,dic-2002,ene-2003,feb-2003,mar-2003,abr-2003,may-2003,jun-2003,jul-2003,ago-2003,sep-2003,oct-2003,nov-2003,dic-2003,ene-2004,feb-2004,mar-2004,abr-2004,may-2004,jun-2004,jul-2004,ago-2004,sep-2004,oct-2004,nov-2004,dic-2004,ene-2005,feb-2005,mar-2005,abr-2005,may-2005,jun-2005,jul-2005,ago-2005,sep-2005,oct-2005,nov-2005,dic-2005,ene-2006,feb-2006,mar-2006,abr-2006,may-2006,jun-2006,jul-2006,ago-2006,sep-2006,oct-2006,nov-2006,dic-2006,ene-2007,feb-2007,mar-2007,abr-2007,may-2007,jun-2007,jul-2007,ago-2007,sep-2007,oct-2007,nov-2007,dic-2007,ene-2008,feb-2008,mar-2008,abr-2008,may-2008,jun-2008,jul-2008,ago-2008,sep-2008,oct-2008,nov-2008,dic-2008,ene-2009,feb-2009,mar-2009,abr-2009,may-2009,jun-2009,jul-2009,ago-2009,sep-2009,oct-2009,nov-2009,dic-2009,ene-2010,feb-2010,mar-2010,abr-2010,may-2010,jun-2010,jul-2010,ago-2010,sep-2010,oct-2010,nov-2010,dic-2010,ene-2011,feb-2011,mar-2011,abr-2011,may-2011,jun-2011,jul-2011,ago-2011,sep-2011,oct-2011,nov-2011,dic-2011,ene-2012,feb-2012,mar-2012,abr-2012,may-2012,jun-2012,jul-2012,ago-2012,sep-2012,oct-2012,nov-2012,dic-2012,ene-2013,feb-2013,mar-2013,abr-2013,may-2013,jun-2013,jul-2013,ago-2013,sep-2013,oct-2013,nov-2013,dic-2013,ene-2014,feb-2014,mar-2014,abr-2014,may-2014,jun-2014,jul-2014,ago-2014,sep-2014,oct-2014,nov-2014,dic-2014,ene-2015,feb-2015,mar-2015,abr-2015,may-2015,jun-2015,jul-2015,ago-2015,sep-2015,oct-2015,nov-2015,dic-2015,ene-2016,feb-2016,mar-2016,abr-2016,may-2016,jun-2016,jul-2016,ago-2016,sep-2016,oct-2016,nov-2016,dic-2016,ene-2017,feb-2017,mar-2017,abr-2017,may-2017,jun-2017,jul-2017,ago-2017,sep-2017,oct-2017,nov-2017,dic-2017,ene-2018,feb-2018,mar-2018,abr-2018,may-2018,jun-2018,jul-2018,ago-2018,sep-2018,oct-2018,nov-2018,dic-2018,ene-2019,feb-2019,mar-2019,abr-2019,may-2019,jun-2019,jul-2019,ago-2019,sep-2019,oct-2019,nov-2019,dic-2019,ene-2020,feb-2020,mar-2020,abr-2020,may-2020,jun-2020,jul-2020,ago-2020,sep-2020,oct-2020,nov-2020,dic-2020,ene-2021,feb-2021,mar-2021,abr-2021,may-2021,jun-2021,jul-2021,ago-2021,sep-2021,oct-2021,nov-2021,dic-2021,ene-2022,feb-2022
239 Equipos y reproductores de audio,N/E,N/E,N/E,N/E,N/E,N/E,N/E,N/E,N/E,N/E,N/E,N/E,N/E,N/E,N/E,N/E,N/E,N/E,N/E,N/E,N/E,N/E,N/E,N/E,N/E,N/E,N/E,N/E,N/E,N/E,N/E,N/E,N/E,N/E,N/E,N/E,N/E,N/E,N/E,N/E,N/E,N/E,N/E,N/E,N/E,N/E,N/E,N/E,N/E,N/E,N/E,N/E,N/E,N/E,N/E,N/E,N/E,N/E,N/E,N/E,N/E,N/E,N/E,N/E,N/E,N/E,N/E,N/E,N/E,N/E,N/E,N/E,N/E,N/E,N/E,N/E,N/E,N/E,N/E,N/E,N/E,N/E,N/E,N/E,N/E,N/E,N/E,N/E,N/E,N/E,N/E,N/E,N/E,N/E,N/E,N/E,N/E,N/E,N/E,N/E,N/E,N/E,N/E,N/E,N/E,N/E,N/E,N/E,N/E,N/E,N/E,N/E,N/E,N/E,N/E,N/E,N/E,N/E,N/E,N/E,N/E,N/E,N/E,N/E,N/E,N/E,N/E,N/E,N/E,N/E,N/E,N/E,N/E,N/E,N/E,N/E,N/E,N/E,N/E,N/E,N/E,N/E,N/E,N/E,N/E,N/E,N/E,N/E,N/E,N/E,N/E,N/E,N/E,N/E,N/E,N/E,N/E,N/E,N/E,N/E,N/E,N/E,N/E,N/E,N/E,N/E,N/E,N/E,N/E,N/E,N/E,N/E,N/E,N/E,N/E,N/E,N/E,N/E,N/E,N/E,N/E,N/E,N/E,N/E,N/E,N/E,N/E,N/E,N/E,N/E,N/E,N/E,N/E,N/E,N/E,N/E,N/E,N/E,N/E,N/E,N/E,N/E,N/E,N/E,N/E,N/E,N/E,N/E,N/E,N/E,N/E,N/E,N/E,N/E,N/E,N/E,N/E,N/E,N/E,N/E,N/E,N/E,N/E,N/E,N/E,N/E,N/E,N/E,N/E,N/E,N/E,N/E,N/E,N/E,N/E,N/E,N/E,N/E,N/E,N/E,N/E,N/E,N/E,N/E,N/E,N/E,N/E,N/E,N/E,N/E,N/E,N/E,N/E,N/E,N/E,N/E,N/E,N/E,N/E,N/E,N/E,N/E,N/E,N/E,N/E,N/E,N/E,N/E,N/E,N/E,N/E,N/E,N/E,N/E,N/E,N/E,N/E,N/E,N/E,N/E,N/E,N/E,N/E,N/E,N/E,N/E,N/E,N/E,N/E,N/E,N/E,N/E,N/E,N/E,N/E,N/E,N/E,N/E,N/E,N/E,N/E,N/E,N/E,N/E,N/E,N/E,N/E,N/E,N/E,N/E,N/E,N/E,N/E,N/E,N/E,N/E,N/E,N/E,N/E,N/E,N/E,N/E,N/E,N/E,N/E,N/E,N/E,N/E,N/E,N/E,N/E,N/E,N/E,N/E,N/E,N/E,N/E,N/E,N/E,N/E,N/E,N/E,N/E,N/E,N/E,N/E,N/E,N/E,N/E,N/E,N/E,N/E,N/E,N/E,N/E,N/E,N/E,N/E,N/E,N/E,N/E,N/E,N/E,N/E,N/E,N/E,N/E,N/E,N/E,N/E,N/E,N/E,N/E,N/E,N/E,N/E,N/E,N/E,N/E,N/E,N/E,N/E,N/E,N/E,N/E,N/E,N/E,N/E,N/E,N/E,N/E,N/E,N/E,N/E,N/E,N/E,N/E,N/E,N/E,N/E,N/E,N/E,N/E,N/E,N/E,N/E,N/E,N/E,N/E,N/E,N/E,N/E,N/E,N/E,"-2,87","-3,42","-3,21","-3,50","-3,74","-3,39","-2,28","-1,85","-1,06","-0,39","-0,50","-0,26","-0,90","-0,58","-0,26","-0,10","-0,58","-1,29","-2,04","-2,62","-2,78","-2,82","-2,85","-2,90","-2,41","-3,30","-3,50","-2,96","-2,22","-1,51","-2,08","-1,72","-2,01","-2,25","-2,31","-2,14","-2,23","-2,60","-1,95","-1,71","-1,84","-0,87","-0,37","-0,51","-0,40","-0,04","0,74","0,75","0,93","1,52","0,67","0,66","0,90","-0,47","-0,34","-0,57","-0,37","-0,37","-0,66","-0,72","-1,18","-0,39","-0,17","-0,66","-1,58","-1,60","-1,20","-0,08","-0,32","-0,25","-0,48","-0,20","0,39","-0,03","-0,04","0,71","2,23","3,05","2,55","1,59","1,98","1,43","1,23","1,37","1,02","0,27","0,34","-0,48","-0,75","-1,39","-1,64","-1,14","-1,11","-1,25","-1,53","-0,87","-1,27","-0,51","-0,94","-0,82","-1,70","-0,91","0,22","0,76","0,33","0,84","1,13","0,27","2,13","1,69","2,27","2,62","2,82","3,28","2,39","1,74","0,61","-0,25","-0,19","0,46","-0,94","-0,60","-0,84","-0,75","-1,10","-1,34","-1,27","-0,91","-0,18","-0,11","-1,27","-1,50","-0,33","0,35","0,29","-0,57","0,76","0,57","1,30","0,64","1,11","2,52","2,51","2,57","1,71","1,23","1,75","2,74","2,33","0,90","0,49","0,82","1,29","1,73","2,94","1,45","0,22","0,52","1,06","1,73","1,57","1,96","3,55","3,77","3,50","1,07","-0,15","-0,46","1,59","2,79","1,50","-0,51","-0,28","-1,22","-2,69","-3,80","-4,63","-3,45","-2,63","-1,99","-3,26","-5,10","-5,62","-4,69","-5,47","-6,09","-6,97","-8,22","-8,71","-7,81","-8,19","-8,16","-8,12","-6,35","-5,35","-5,46","-6,15","-2,98","-3,08","-0,93","-0,20","-1,34","-0,30","2,38","4,08","3,25","2,80","4,92","3,90","4,39","5,11","4,37","4,97","5,89","7,18","4,65","3,40","3,85","4,48","0,81","1,55","2,77","5,06","5,73"
240 Reproductores de video,N/E,N/E,N/E,N/E,N/E,N/E,N/E,N/E,N/E,N/E,N/E,N/E,N/E,N/E,N/E,N/E,N/E,N/E,N/E,N/E,N/E,N/E,N/E,N/E,N/E,N/E,N/E,N/E,N/E,N/E,N/E,N/E,N/E,N/E,N/E,N/E,N/E,N/E,N/E,N/E,N/E,N/E,N/E,N/E,N/E,N/E,N/E,N/E,N/E,N/E,N/E,N/E,N/E,N/E,N/E,N/E,N/E,N/E,N/E,N/E,N/E,N/E,N/E,N/E,N/E,N/E,N/E,N/E,N/E,N/E,N/E,N/E,N/E,N/E,N/E,N/E,N/E,N/E,N/E,N/E,N/E,N/E,N/E,N/E,N/E,N/E,N/E,N/E,N/E,N/E,N/E,N/E,N/E,N/E,N/E,N/E,N/E,N/E,N/E,N/E,N/E,N/E,N/E,N/E,N/E,N/E,N/E,N/E,N/E,N/E,N/E,N/E,N/E,N/E,N/E,N/E,N/E,N/E,N/E,N/E,N/E,N/E,N/E,N/E,N/E,N/E,N/E,N/E,N/E,N/E,N/E,N/E,N/E,N/E,N/E,N/E,N/E,N/E,N/E,N/E,N/E,N/E,N/E,N/E,N/E,N/E,N/E,N/E,N/E,N/E,N/E,N/E,N/E,N/E,N/E,N/E,N/E,N/E,N/E,N/E,N/E,N/E,N/E,N/E,N/E,N/E,N/E,N/E,N/E,N/E,N/E,N/E,N/E,N/E,N/E,N/E,N/E,N/E,N/E,N/E,N/E,N/E,N/E,N/E,N/E,N/E,N/E,N/E,N/E,N/E,N/E,N/E,N/E,N/E,N/E,N/E,N/E,N/E,N/E,N/E,N/E,N/E,N/E,N/E,N/E,N/E,N/E,N/E,N/E,N/E,N/E,N/E,N/E,N/E,N/E,N/E,N/E,N/E,N/E,N/E,N/E,N/E,N/E,N/E,N/E,N/E,N/E,N/E,N/E,N/E,N/E,N/E,N/E,N/E,N/E,N/E,N/E,N/E,N/E,N/E,N/E,N/E,N/E,N/E,N/E,N/E,N/E,N/E,N/E,N/E,N/E,N/E,N/E,N/E,N/E,N/E,N/E,N/E,N/E,N/E,N/E,N/E,N/E,N/E,N/E,N/E,N/E,N/E,N/E,N/E,N/E,N/E,N/E,N/E,N/E,N/E,N/E,N/E,N/E,N/E,N/E,N/E,N/E,N/E,N/E,N/E,N/E,N/E,N/E,N/E,N/E,N/E,N/E,N/E,N/E,N/E,N/E,N/E,N/E,N/E,N/E,N/E,N/E,N/E,N/E,N/E,N/E,N/E,N/E,N/E,N/E,N/E,N/E,N/E,N/E,N/E,N/E,N/E,N/E,N/E,N/E,N/E,N/E,N/E,N/E,N/E,N/E,N/E,N/E,N/E,N/E,N/E,N/E,N/E,N/E,N/E,N/E,N/E,N/E,N/E,N/E,N/E,N/E,N/E,N/E,N/E,N/E,N/E,N/E,N/E,N/E,N/E,N/E,N/E,N/E,N/E,N/E,N/E,N/E,N/E,N/E,N/E,N/E,N/E,N/E,N/E,N/E,N/E,N/E,N/E,N/E,N/E,N/E,N/E,N/E,N/E,N/E,N/E,N/E,N/E,N/E,N/E,N/E,N/E,N/E,N/E,N/E,N/E,N/E,N/E,N/E,N/E,N/E,N/E,N/E,N/E,N/E,N/E,N/E,N/E,N/E,N/E,N/E,N/E,N/E,N/E,N/E,N/E,N/E,N/E,N/E,N/E,N/E,N/E,"-7,00","-6,84","-6,85","-6,47","-5,63","-6,13","-6,28","-7,07","-6,38","-5,82","-5,85","-5,09","-5,41","-4,36","-3,44","-3,17","-3,53","-4,40","-3,30","-3,31","-3,86","-3,57","-3,63","-4,31","-4,49","-5,50","-5,93","-6,43","-6,47","-5,12","-6,07","-5,89","-5,38","-5,73","-5,65","-5,11","-4,49","-4,64","-5,16","-4,65","-4,43","-4,16","-4,40","-4,12","-4,43","-3,78","-3,08","-3,21","-3,30","-2,82","-1,76","-2,00","-2,22","-2,23","-1,48","-1,72","-1,62","-2,18","-2,99","-2,73","-2,23","-2,02","-1,88","-1,72","-1,02","-0,62","-0,50","-0,25","0,51","1,31","2,00","2,88","2,54","2,02","2,13","2,30","2,12","1,69","2,12","2,24","1,61","1,62","1,23","0,27","0,29","-0,21","-0,17","-0,07","-0,28","-0,96","-0,76","-1,20","-0,92","-0,85","-0,59","0,18","0,02","-0,27","-0,59","-0,74","-1,38","-1,16","-1,70","-1,20","-0,92","-1,49","-2,24","-2,41","-1,46","-1,69","-2,24","-2,22","-1,32","-0,28","-1,13","-0,96","-1,01","-0,60","0,28","-0,41","-1,92","-0,41","0,25","0,45","0,86","0,20","1,16","0,29","-0,21","-0,99","-1,02","-0,28","0,81","1,43","0,73","0,12","-0,60","-0,44","-0,16","2,02","3,27","3,83","4,08","4,16","3,90","2,80","4,50","5,15","4,02","2,02","3,49","2,62","2,36","3,31","2,83","2,26","1,26","1,57","0,82","0,53","0,69","1,47","3,18","3,61","4,46","3,90","2,50","2,20","2,69","3,01","3,15","3,19","4,94","4,63","1,29","0,76","-0,44","-1,19","-1,11","-0,58","-0,27","-0,56","-1,04","-1,97","-2,84","-2,30","-2,70","-3,23","-3,68","-4,23","-3,26","-4,23","-5,35","-4,99","-4,21","-3,15","-3,76","-2,52","-1,75","-2,25","-1,96","-1,83","2,12","6,42","9,22","11,04","10,74","10,20","10,09","12,32","12,22","9,79","8,93","9,27","3,97","1,11","0,97","0,31","0,16","0,23","-0,39","-1,72","-0,07","2,95"
241 Televisores,N/E,N/E,N/E,N/E,N/E,N/E,N/E,N/E,N/E,N/E,N/E,N/E,N/E,N/E,N/E,N/E,N/E,N/E,N/E,N/E,N/E,N/E,N/E,N/E,N/E,N/E,N/E,N/E,N/E,N/E,N/E,N/E,N/E,N/E,N/E,N/E,N/E,N/E,N/E,N/E,N/E,N/E,N/E,N/E,N/E,N/E,N/E,N/E,N/E,N/E,N/E,N/E,N/E,N/E,N/E,N/E,N/E,N/E,N/E,N/E,N/E,N/E,N/E,N/E,N/E,N/E,N/E,N/E,N/E,N/E,N/E,N/E,N/E,N/E,N/E,N/E,N/E,N/E,N/E,N/E,N/E,N/E,N/E,N/E,N/E,N/E,N/E,N/E,N/E,N/E,N/E,N/E,N/E,N/E,N/E,N/E,N/E,N/E,N/E,N/E,N/E,N/E,N/E,N/E,N/E,N/E,N/E,N/E,N/E,N/E,N/E,N/E,N/E,N/E,N/E,N/E,N/E,N/E,N/E,N/E,N/E,N/E,N/E,N/E,N/E,N/E,N/E,N/E,N/E,N/E,N/E,N/E,N/E,N/E,N/E,N/E,N/E,N/E,N/E,N/E,N/E,N/E,N/E,N/E,N/E,N/E,N/E,N/E,N/E,N/E,N/E,N/E,N/E,N/E,N/E,N/E,N/E,N/E,N/E,N/E,N/E,N/E,N/E,N/E,N/E,N/E,N/E,N/E,N/E,N/E,N/E,N/E,N/E,N/E,N/E,N/E,N/E,N/E,N/E,N/E,N/E,N/E,N/E,N/E,N/E,N/E,N/E,N/E,N/E,N/E,N/E,N/E,N/E,N/E,N/E,N/E,N/E,N/E,N/E,N/E,N/E,N/E,N/E,N/E,N/E,N/E,N/E,N/E,N/E,N/E,N/E,N/E,N/E,N/E,N/E,N/E,N/E,N/E,N/E,N/E,N/E,N/E,N/E,N/E,N/E,N/E,N/E,N/E,N/E,N/E,N/E,N/E,N/E,N/E,N/E,N/E,N/E,N/E,N/E,N/E,N/E,N/E,N/E,N/E,N/E,N/E,N/E,N/E,N/E,N/E,N/E,N/E,N/E,N/E,N/E,N/E,N/E,N/E,N/E,N/E,N/E,N/E,N/E,N/E,N/E,N/E,N/E,N/E,N/E,N/E,N/E,N/E,N/E,N/E,N/E,N/E,N/E,N/E,N/E,N/E,N/E,N/E,N/E,N/E,N/E,N/E,N/E,N/E,N/E,N/E,N/E,N/E,N/E,N/E,N/E,N/E,N/E,N/E,N/E,N/E,N/E,N/E,N/E,N/E,N/E,N/E,N/E,N/E,N/E,N/E,N/E,N/E,N/E,N/E,N/E,N/E,N/E,N/E,N/E,N/E,N/E,N/E,N/E,N/E,N/E,N/E,N/E,N/E,N/E,N/E,N/E,N/E,N/E,N/E,N/E,N/E,N/E,N/E,N/E,N/E,N/E,N/E,N/E,N/E,N/E,N/E,N/E,N/E,N/E,N/E,N/E,N/E,N/E,N/E,N/E,N/E,N/E,N/E,N/E,N/E,N/E,N/E,N/E,N/E,N/E,N/E,N/E,N/E,N/E,N/E,N/E,N/E,N/E,N/E,N/E,N/E,N/E,N/E,N/E,N/E,N/E,N/E,N/E,N/E,N/E,N/E,N/E,N/E,N/E,N/E,N/E,N/E,N/E,N/E,N/E,N/E,N/E,N/E,N/E,N/E,N/E,N/E,N/E,N/E,N/E,N/E,N/E,N/E,N/E,N/E,N/E,N/E,N/E,N/E,"-3,05","-1,88","-1,54","-1,06","-1,76","-2,59","-2,56","-2,11","-1,58","-0,99","-1,08","-0,67","-1,35","-2,11","-1,31","-1,14","-0,76","-0,26","0,54","0,22","-0,30","-0,29","-0,40","-1,01","-0,48","-1,94","-2,87","-2,81","-2,33","-2,03","-2,32","-2,30","-2,22","-2,56","-2,63","-2,31","-2,65","-1,27","-0,95","-1,43","-1,49","-1,11","-1,94","-2,44","-2,47","-2,06","-1,39","-1,26","-0,87","-0,96","-1,19","-1,21","-1,34","-1,89","-1,05","-0,41","-0,58","-1,14","-1,75","-1,66","-2,01","-1,51","-1,35","-1,35","-1,50","-1,18","-1,55","-1,30","-0,42","-0,17","-0,07","0,22","0,38","0,09","0,46","0,15","0,86","0,78","1,54","1,38","0,50","0,27","0,30","0,52","0,46","0,18","0,21","0,10","-1,72","-3,02","-3,88","-4,10","-3,91","-4,53","-4,46","-4,12","-3,88","-4,03","-4,83","-4,65","-4,17","-2,99","-3,07","-3,08","-3,41","-2,46","-2,72","-3,60","-3,99","-3,66","-3,37","-2,44","-1,59","-1,69","-1,32","-2,42","-2,05","-2,33","-1,17","-1,60","-0,83","-0,71","-0,40","-1,75","-1,83","-1,48","-0,57","1,24","0,07","-0,40","-0,91","-0,41","-0,22","-0,51","-1,28","-1,29","-1,24","-1,54","-1,23","-1,12","-0,14","0,68","0,27","0,47","-0,85","-0,35","0,39","2,44","2,05","0,37","0,14","0,26","0,43","-0,11","-1,23","-2,77","-2,59","-4,16","-5,65","-6,48","-6,03","-5,57","-6,78","-6,58","-6,98","-5,94","-5,30","-4,35","-3,97","-1,54","0,46","0,55","0,47","-0,41","-0,54","-0,75","-0,86","-1,67","-3,22","-4,15","-3,81","-4,38","-5,84","-7,00","-7,80","-5,95","-7,44","-8,16","-8,30","-9,81","-9,50","-8,90","-8,62","-9,89","-8,85","-8,98","-9,33","-10,68","-8,11","-8,77","-8,41","-6,33","-4,73","-3,62","-2,54","0,11","0,37","1,34","-0,59","5,07","5,03","6,95","9,70","10,33","9,60","11,25","8,96","8,53","9,98","12,49","14,75","10,79","9,21","6,46"
242 Material y aparatos fotográficos,N/E,N/E,N/E,N/E,N/E,N/E,N/E,N/E,N/E,N/E,N/E,N/E,N/E,N/E,N/E,N/E,N/E,N/E,N/E,N/E,N/E,N/E,N/E,N/E,N/E,N/E,N/E,N/E,N/E,N/E,N/E,N/E,N/E,N/E,N/E,N/E,N/E,N/E,N/E,N/E,N/E,N/E,N/E,N/E,N/E,N/E,N/E,N/E,N/E,N/E,N/E,N/E,N/E,N/E,N/E,N/E,N/E,N/E,N/E,N/E,N/E,N/E,N/E,N/E,N/E,N/E,N/E,N/E,N/E,N/E,N/E,N/E,N/E,N/E,N/E,N/E,N/E,N/E,N/E,N/E,N/E,N/E,N/E,N/E,N/E,N/E,N/E,N/E,N/E,N/E,N/E,N/E,N/E,N/E,N/E,N/E,N/E,N/E,N/E,N/E,N/E,N/E,N/E,N/E,N/E,N/E,N/E,N/E,N/E,N/E,N/E,N/E,N/E,N/E,N/E,N/E,N/E,N/E,N/E,N/E,N/E,N/E,N/E,N/E,N/E,N/E,N/E,N/E,N/E,N/E,N/E,N/E,N/E,N/E,N/E,N/E,N/E,N/E,N/E,N/E,N/E,N/E,N/E,N/E,"23,42","20,96","18,28","16,62","15,04","13,12","9,90","8,82","8,67","7,72","6,97","5,91","9,99","12,60","29,99","35,49","43,05","61,36","63,68","65,87","114,12","117,19","118,53","132,09","174,20","169,75","151,74","144,91","137,28","122,78","124,12","123,09","79,21","87,97","90,27","81,94","54,21","72,12","67,13","73,90","71,76","71,96","72,89","74,67","77,61","70,92","73,18","70,52","69,02","67,70","62,73","61,53","63,22","56,46","60,67","72,20","67,27","67,80","63,68","69,99","77,39","63,73","74,99","89,51","97,65","103,54","102,23","107,93","111,38","115,73","127,07","140,39","133,21","151,28","145,25","136,27","133,58","135,48","142,63","122,50","132,33","146,51","150,78","144,16","161,64","148,32","146,47","127,61","117,08","105,65","91,20","83,06","65,48","46,21","34,67","25,34","11,19","6,34","1,93","1,38","0,95","0,90","0,37","0,87","1,69","3,18","3,20","3,95","4,55","4,34","3,77","7,03","12,56","13,32","14,78","15,91","17,12","17,55","22,04","25,33","26,58","31,57","31,81","27,32","21,11","22,46","21,51","21,67","20,95","20,92","14,72","10,12","9,97","6,55","9,10","10,30","9,81","5,61","-0,02","0,76","3,82","2,49","5,79","5,04","3,30","3,60","4,29","4,40","-1,43","1,28","11,47","10,25","6,94","9,97","6,32","6,63","6,59","4,84","1,04","-0,13","6,57","3,75","-0,04","-0,20","-0,35","-1,66","-0,56","6,69","21,19","27,00","38,50","53,63","60,86","67,75","67,39","66,99","70,25","73,10","80,12","79,82","65,46","62,47","52,90","41,72","39,27","36,98","38,20","39,89","37,65","34,50","29,55","22,58","16,50","14,76","10,44","7,91","8,40","9,36","9,18","8,93","8,54","8,89","9,64","10,32","13,06","11,91","13,96","13,52","9,73","8,44","7,41","6,17","7,75","10,51","9,81","11,44","10,85","11,36","11,37","11,36","11,21","11,01","11,74","11,88","10,03","7,04","7,41","4,86","4,05","3,64","3,81","3,75","3,70","3,50","0,82","2,27","0,33","1,63","1,52","0,91","0,57","2,56","1,64","0,81","-1,98","-1,44","0,05","-1,33","0,87","-1,23","-1,41","-0,50","-0,47","-3,10","-2,66","-2,10","0,12","-1,34","-0,72","0,05","-1,41","-1,17","-0,82","-0,42","-0,29","-0,24","-0,82","0,64","1,99","3,80","3,79","3,58","4,80","5,03","5,18","4,28","4,40","3,48","4,03","2,04","1,93","1,03","0,22","-0,34","-0,67","0,32","0,16","-0,84","-1,91","-0,69","-0,43","0,49","-0,70","-0,69","-0,02","-0,25","0,12","-0,79","-1,12","-1,23","-0,35","0,65","0,73","0,68","0,53","0,05","0,06","-0,22","-0,20","-0,50","-0,05","1,29","0,68","-0,11","-0,50","-0,83","-0,41","-0,02","-0,13","-0,06","-0,38","0,25","-0,10","-1,23","-1,40","-0,76","-1,13","-1,79","-1,66","-1,65","-1,67","-1,32","-1,12","-1,29","-1,08","-0,11","0,23","-0,69","-0,08","0,88","1,71","2,91","3,27","3,92","4,84","4,87","5,19","4,70","5,51","5,64","7,08","6,80","5,83","4,49","3,39","2,11","0,74","1,02","0,70","1,40","1,38","1,08","-0,17","-0,69","-1,04","-1,16","-0,32","-0,16","-0,22","-1,04","-0,97","-0,85","-1,36","-1,43","-2,15","-2,48","-1,99","-1,38","-1,36","-1,43","-0,97","-0,06","-0,48","-0,82","-1,46","-1,62","-1,50","-0,07","-0,31","-0,33","-0,98","-0,70","-0,02","-1,34","-1,18","-0,14","1,23","1,29","0,73","-0,39","1,04","1,84","3,25","3,65","3,89","4,78","4,42","3,27","2,86","4,08","4,27","4,67","3,33","3,36","1,72","0,96","-0,37","0,20","0,03","0,01","0,19","-0,28","1,00","2,36","2,43","2,23","3,30","3,26","4,38","4,03","5,40","4,91","6,28","7,81","8,03","6,98","6,32","6,19","6,80","6,86","6,00","5,42","4,95","5,04","2,99","0,92","0,24","1,22","2,03","0,79","-0,64","-0,17","-0,63","-0,18","-0,59","-0,33","0,09","0,85","1,01","-0,09","-0,52","0,13","0,64","0,72","1,01","0,83","0,32","0,11","0,66","0,86","0,82","-0,13","1,39","2,17","3,45","3,77","4,46","3,76","3,23","4,22","3,90","3,80","4,25","5,07","3,51","2,56","2,11","2,18","2,53","3,70","4,75","4,05","4,52","4,98"
243 Computadoras,N/E,N/E,N/E,N/E,N/E,N/E,N/E,N/E,N/E,N/E,N/E,N/E,N/E,N/E,N/E,N/E,N/E,N/E,N/E,N/E,N/E,N/E,N/E,N/E,N/E,N/E,N/E,N/E,N/E,N/E,N/E,N/E,N/E,N/E,N/E,N/E,N/E,N/E,N/E,N/E,N/E,N/E,N/E,N/E,N/E,N/E,N/E,N/E,N/E,N/E,N/E,N/E,N/E,N/E,N/E,N/E,N/E,N/E,N/E,N/E,N/E,N/E,N/E,N/E,N/E,N/E,N/E,N/E,N/E,N/E,N/E,N/E,N/E,N/E,N/E,N/E,N/E,N/E,N/E,N/E,N/E,N/E,N/E,N/E,N/E,N/E,N/E,N/E,N/E,N/E,N/E,N/E,N/E,N/E,N/E,N/E,N/E,N/E,N/E,N/E,N/E,N/E,N/E,N/E,N/E,N/E,N/E,N/E,N/E,N/E,N/E,N/E,N/E,N/E,N/E,N/E,N/E,N/E,N/E,N/E,N/E,N/E,N/E,N/E,N/E,N/E,N/E,N/E,N/E,N/E,N/E,N/E,N/E,N/E,N/E,N/E,N/E,N/E,N/E,N/E,N/E,N/E,N/E,N/E,N/E,N/E,N/E,N/E,N/E,N/E,N/E,N/E,N/E,N/E,N/E,N/E,N/E,N/E,N/E,N/E,N/E,N/E,N/E,N/E,N/E,N/E,N/E,N/E,N/E,N/E,N/E,N/E,N/E,N/E,N/E,N/E,N/E,N/E,N/E,N/E,N/E,N/E,N/E,N/E,N/E,N/E,N/E,N/E,N/E,N/E,N/E,N/E,N/E,N/E,N/E,N/E,N/E,N/E,N/E,N/E,N/E,N/E,N/E,N/E,N/E,N/E,N/E,N/E,N/E,N/E,N/E,N/E,N/E,N/E,N/E,N/E,N/E,N/E,N/E,N/E,N/E,N/E,N/E,N/E,N/E,N/E,N/E,N/E,N/E,N/E,N/E,N/E,N/E,N/E,N/E,N/E,N/E,N/E,N/E,N/E,N/E,N/E,N/E,N/E,N/E,N/E,N/E,N/E,N/E,N/E,N/E,N/E,N/E,N/E,N/E,N/E,N/E,N/E,N/E,N/E,N/E,N/E,N/E,N/E,N/E,N/E,N/E,N/E,N/E,N/E,N/E,N/E,N/E,N/E,N/E,N/E,N/E,N/E,N/E,N/E,N/E,N/E,N/E,N/E,N/E,N/E,N/E,N/E,N/E,N/E,N/E,N/E,N/E,N/E,N/E,N/E,N/E,N/E,N/E,N/E,N/E,N/E,N/E,N/E,N/E,N/E,N/E,N/E,N/E,N/E,N/E,N/E,N/E,N/E,N/E,N/E,N/E,N/E,N/E,N/E,N/E,N/E,N/E,N/E,N/E,N/E,N/E,N/E,N/E,N/E,N/E,N/E,N/E,N/E,N/E,N/E,N/E,N/E,N/E,N/E,N/E,N/E,N/E,N/E,N/E,N/E,N/E,N/E,N/E,N/E,N/E,N/E,N/E,N/E,N/E,N/E,N/E,N/E,N/E,N/E,N/E,N/E,N/E,N/E,N/E,N/E,N/E,N/E,N/E,N/E,N/E,N/E,N/E,N/E,N/E,N/E,N/E,N/E,N/E,N/E,N/E,N/E,N/E,N/E,N/E,N/E,N/E,N/E,N/E,N/E,N/E,N/E,N/E,N/E,N/E,N/E,N/E,N/E,N/E,N/E,N/E,N/E,N/E,N/E,N/E,N/E,N/E,N/E,N/E,N/E,N/E,N/E,N/E,N/E,"-1,70","-2,39","-2,59","-3,16","-3,11","-3,19","-3,09","-2,87","-2,75","-2,74","-2,59","-2,32","-2,77","-2,79","-2,52","-1,58","-2,03","-1,55","-1,66","-1,55","-1,63","-1,51","-1,44","-2,03","-2,22","-2,98","-3,21","-3,28","-2,92","-3,20","-3,77","-3,86","-3,86","-4,14","-4,54","-3,51","-3,01","-2,55","-2,22","-2,14","-2,30","-2,08","-1,64","-1,44","-1,33","-0,95","-0,74","-1,05","-1,19","-0,96","-1,21","-1,42","-1,08","-1,28","-1,53","-1,89","-1,84","-1,99","-2,11","-2,28","-1,95","-1,92","-2,12","-2,12","-2,05","-2,00","-1,74","-0,95","-1,05","-0,85","-0,67","0,27","-0,15","-0,01","0,19","0,32","0,20","-0,42","-0,12","-0,15","-0,54","-0,85","-0,94","-1,82","-1,63","-1,90","-2,30","-2,17","-2,10","-2,05","-3,04","-3,90","-4,13","-5,36","-6,19","-6,68","-7,51","-8,08","-7,99","-7,95","-6,99","-6,76","-5,83","-6,32","-5,42","-3,74","-2,96","-2,65","-1,78","-1,83","-1,48","-2,82","-4,34","-3,65","-4,23","-3,20","-6,33","-7,08","-8,31","-7,98","-8,43","-9,04","-9,02","-9,15","-7,86","-8,40","-8,14","-7,80","-4,89","-4,43","-2,79","-2,66","-1,85","-0,02","-0,07","1,12","-0,36","0,37","-0,31","-1,03","-1,16","-1,09","-1,17","-1,07","-1,25","-1,39","-1,36","-0,93","-0,11","-0,99","-0,18","-0,37","-0,89","-0,13","-0,61","-0,61","-0,64","-0,59","-0,51","-0,91","-1,27","-1,22","-1,76","-1,05","-0,28","-0,69","-0,54","-0,58","-0,43","-0,88","-1,23","-1,08","-0,73","-0,43","-0,09","-1,14","-1,72","-1,48","-2,98","-4,56","-5,35","-5,04","-4,24","-4,41","-4,54","-4,77","-4,84","-5,02","-4,80","-5,53","-4,61","-3,53","-2,22","-1,60","-2,47","-2,38","-2,66","-4,53","-3,44","-3,14","-2,68","-1,86","-1,29","-0,21","-0,36","-0,65","-0,08","0,41","0,16","2,47","1,88","2,99","3,09","2,80","3,36","2,86","2,61","2,29","2,20","2,12","2,55","3,39","3,38","1,60"
244 Películas y música,N/E,N/E,N/E,N/E,N/E,N/E,N/E,N/E,N/E,N/E,N/E,N/E,N/E,N/E,N/E,N/E,N/E,N/E,N/E,N/E,N/E,N/E,N/E,N/E,N/E,N/E,N/E,N/E,N/E,N/E,N/E,N/E,N/E,N/E,N/E,N/E,N/E,N/E,N/E,N/E,N/E,N/E,N/E,N/E,N/E,N/E,N/E,N/E,N/E,N/E,N/E,N/E,N/E,N/E,N/E,N/E,N/E,N/E,N/E,N/E,N/E,N/E,N/E,N/E,N/E,N/E,N/E,N/E,N/E,N/E,N/E,N/E,N/E,N/E,N/E,N/E,N/E,N/E,N/E,N/E,N/E,N/E,N/E,N/E,N/E,N/E,N/E,N/E,N/E,N/E,N/E,N/E,N/E,N/E,N/E,N/E,N/E,N/E,N/E,N/E,N/E,N/E,N/E,N/E,N/E,N/E,N/E,N/E,N/E,N/E,N/E,N/E,N/E,N/E,N/E,N/E,N/E,N/E,N/E,N/E,N/E,N/E,N/E,N/E,N/E,N/E,N/E,N/E,N/E,N/E,N/E,N/E,N/E,N/E,N/E,N/E,N/E,N/E,N/E,N/E,N/E,N/E,N/E,N/E,N/E,N/E,N/E,N/E,N/E,N/E,N/E,N/E,N/E,N/E,N/E,N/E,N/E,N/E,N/E,N/E,N/E,N/E,N/E,N/E,N/E,N/E,N/E,N/E,N/E,N/E,N/E,N/E,N/E,N/E,N/E,N/E,N/E,N/E,N/E,N/E,N/E,N/E,N/E,N/E,N/E,N/E,N/E,N/E,N/E,N/E,N/E,N/E,N/E,N/E,N/E,N/E,N/E,N/E,N/E,N/E,N/E,N/E,N/E,N/E,N/E,N/E,N/E,N/E,N/E,N/E,N/E,N/E,N/E,N/E,N/E,N/E,N/E,N/E,N/E,N/E,N/E,N/E,N/E,N/E,N/E,N/E,N/E,N/E,N/E,N/E,N/E,N/E,N/E,N/E,N/E,N/E,N/E,N/E,N/E,N/E,N/E,N/E,N/E,N/E,N/E,N/E,N/E,N/E,N/E,N/E,N/E,N/E,N/E,N/E,N/E,N/E,N/E,N/E,N/E,N/E,N/E,N/E,N/E,N/E,N/E,N/E,N/E,N/E,N/E,N/E,N/E,N/E,N/E,N/E,N/E,N/E,N/E,N/E,N/E,N/E,N/E,N/E,N/E,N/E,N/E,N/E,N/E,N/E,N/E,N/E,N/E,N/E,N/E,N/E,N/E,N/E,N/E,N/E,N/E,N/E,N/E,N/E,N/E,N/E,N/E,N/E,N/E,N/E,N/E,N/E,N/E,N/E,N/E,N/E,N/E,N/E,N/E,N/E,N/E,N/E,N/E,N/E,N/E,N/E,N/E,N/E,N/E,N/E,N/E,N/E,N/E,N/E,N/E,N/E,N/E,N/E,N/E,N/E,N/E,N/E,N/E,N/E,N/E,N/E,N/E,N/E,N/E,N/E,N/E,N/E,N/E,N/E,N/E,N/E,N/E,N/E,N/E,N/E,N/E,N/E,N/E,N/E,N/E,N/E,N/E,N/E,N/E,N/E,N/E,N/E,N/E,N/E,N/E,N/E,N/E,N/E,N/E,N/E,N/E,N/E,N/E,N/E,N/E,N/E,N/E,N/E,N/E,N/E,N/E,N/E,N/E,N/E,N/E,N/E,N/E,N/E,N/E,N/E,N/E,N/E,N/E,N/E,N/E,N/E,N/E,N/E,N/E,N/E,N/E,N/E,N/E,N/E,N/E,N/E,N/E,N/E,N/E,N/E,N/E,N/E,N/E,N/E,N/E,N/E,N/E,N/E,N/E,N/E,N/E,N/E,N/E,N/E,N/E,N/E,N/E,N/E,N/E,N/E,N/E,N/E,N/E,N/E,N/E,N/E,N/E,N/E,N/E,N/E,N/E,N/E,N/E,N/E,N/E,N/E,N/E,N/E,N/E,N/E,N/E,N/E,N/E,N/E,N/E,N/E,N/E,N/E,N/E,N/E,N/E,N/E,N/E,N/E,N/E,N/E,N/E,N/E,N/E,N/E,N/E,N/E,N/E,N/E,N/E,N/E,N/E,N/E,N/E,N/E,N/E,N/E,N/E,N/E,N/E,N/E,N/E,N/E,N/E,N/E,N/E,N/E,N/E,N/E,N/E,N/E,N/E,N/E,N/E,N/E,N/E,N/E,N/E,N/E,N/E,N/E,N/E,N/E,N/E,N/E,N/E,N/E,N/E,N/E,N/E,N/E,N/E,N/E,N/E,N/E,N/E,N/E,N/E,N/E,N/E,N/E,N/E,N/E,N/E,N/E,N/E,N/E,N/E,N/E,N/E,N/E,N/E,N/E,N/E,N/E,N/E,N/E,N/E,N/E,N/E,N/E,N/E,N/E,N/E,N/E,N/E,N/E,N/E,N/E,N/E,N/E,N/E,N/E,N/E,N/E,N/E,N/E,N/E,N/E,N/E,N/E,N/E,N/E,N/E,N/E,N/E,N/E,N/E,N/E,N/E,N/E,N/E,N/E,N/E,N/E,N/E,N/E,N/E,N/E,N/E,N/E,N/E,N/E,N/E,N/E,N/E,N/E,N/E,N/E,N/E,N/E,N/E,N/E,N/E,"-2,21","-3,27","-3,45","-1,13","1,08","0,26","0,08","0,05","-2,93","-1,98","-2,89","-4,94","-3,69","-2,79","-1,71","-2,95","-1,03","-1,00","-2,30","-0,60","5,08","2,19","3,96","3,85","5,00","5,57","4,63","4,67","1,84","4,17","8,07"
245 Instrumentos musicales,N/E,N/E,N/E,N/E,N/E,N/E,N/E,N/E,N/E,N/E,N/E,N/E,"1,24","1,24","1,24","1,24","1,50","1,50","1,50","1,50","5,24","5,24","3,95","3,95","3,95","3,95","3,95","4,28","4,02","4,02","4,02","4,02","0,32","0,32","0,32","0,32","0,32","1,69","2,79","2,46","2,49","3,59","4,85","4,85","4,86","6,78","6,78","6,78","6,78","5,35","4,77","4,77","5,51","5,07","4,13","7,84","8,02","8,60","8,60","10,02","11,22","11,66","14,28","18,36","17,48","19,77","21,63","17,48","19,72","23,30","27,35","25,71","27,14","26,67","25,85","21,86","22,55","19,79","17,64","19,95","17,99","12,64","9,06","9,06","10,56","12,49","12,15","12,90","13,81","13,47","14,68","12,47","26,77","36,39","37,52","54,48","49,67","47,11","44,41","44,35","42,43","43,77","43,34","53,53","41,20","30,36","29,45","19,73","21,28","21,25","21,21","22,32","23,53","22,38","22,93","16,18","13,00","13,00","13,75","12,13","15,29","18,14","18,38","16,92","17,26","17,85","19,24","19,27","19,21","21,87","22,74","21,49","29,98","29,40","37,38","40,69","38,97","38,58","39,93","39,45","42,60","42,17","43,29","47,41","44,36","47,39","41,25","37,91","39,78","41,22","37,33","45,50","44,72","42,42","40,91","41,07","29,32","25,40","37,31","40,50","40,33","44,44","53,02","48,38","64,16","103,06","105,27","99,73","114,82","144,10","124,36","144,73","155,63","147,74","150,96","143,08","115,29","84,51","81,43","80,06","76,27","54,99","52,12","36,68","32,52","31,96","22,80","24,94","25,73","20,42","24,10","27,28","30,37","31,60","33,68","34,39","32,99","49,60","51,10","53,22","54,25","62,77","58,32","55,56","57,81","58,17","57,26","60,02","73,44","67,64","71,87","72,73","83,18","73,34","88,94","91,22","93,27","96,96","110,55","125,31","106,21","105,78","104,16","102,75","124,14","141,44","147,51","153,29","174,51","209,84","199,64","175,09","176,88","164,65","158,88","169,39","123,84","103,86","81,79","73,10","50,95","29,36","23,22","22,23","21,72","25,94","24,97","18,54","21,42","21,81","21,61","21,57","16,17","22,08","22,77","22,43","24,41","15,83","15,86","14,17","12,54","12,61","14,11","19,66","24,78","21,86","22,31","22,51","19,89","19,48","23,76","26,47","26,52","26,89","23,78","18,07","21,29","18,47","17,99","20,43","20,35","20,42","15,62","13,06","13,76","13,70","14,96","15,56","8,19","9,29","16,97","15,02","14,96","18,81","7,67","7,23","9,33","9,25","9,59","12,06","11,47","10,51","2,69","2,21","2,22","-0,95","9,80","10,04","6,76","6,43","5,89","3,12","3,76","7,40","18,51","23,41","24,64","26,20","27,08","32,64","38,03","38,91","39,75","40,93","41,67","36,69","29,01","32,11","32,19","30,36","30,12","25,29","19,14","19,35","19,40","19,81","20,22","23,59","19,29","14,11","15,77","18,15","23,67","23,00","24,56","23,81","23,46","22,40","21,08","28,86","28,64","26,85","24,57","25,41","22,23","23,84","24,40","30,75","30,93","31,24","31,43","19,72","19,47","25,33","25,12","22,15","19,14","17,44","18,97","13,04","12,87","12,41","12,00","11,75","11,99","7,89","8,78","8,49","8,71","8,66","6,55","6,71","6,33","6,62","7,03","6,77","6,63","4,83","3,37","3,54","3,13","2,95","2,75","2,89","2,99","2,17","1,54","1,65","1,43","1,17","1,07","0,76","0,84","0,90","1,06","1,08","1,29","1,28","0,86","1,96","3,44","2,90","3,32","3,44","2,15","1,81","1,97","1,40","0,75","0,70","1,21","0,42","-1,12","-0,51","-1,24","-1,17","0,26","1,35","2,34","3,06","3,68","3,67","3,60","3,15","3,25","3,15","3,46","3,22","3,02","2,36","0,06","0,38","0,16","0,05","-0,43","0,14","0,36","0,44","0,72","0,81","0,90","1,30","2,61","2,00","2,02","2,31","2,92","2,28","2,36","2,36","1,98","1,72","1,71","1,06","1,66","1,71","1,86","2,03","1,91","1,88","1,82","1,79","2,06","2,35","2,28","2,41","1,61","1,36","1,94","1,89","2,18","2,61","2,62","3,02","3,12","3,40","3,51","4,37","4,56","4,56","3,71","3,11","2,27","1,43","0,91","0,92","1,82","1,53","0,65","-0,23","-0,28","-0,49","-0,59","-0,11","0,68","1,40","1,13","0,64","-0,50","-1,15","-0,77","0,00","0,62","0,23","0,91","0,86","0,45","-0,18","1,20","1,89","1,84","2,15","2,35","1,89","2,08","3,29","2,28","3,25","4,46","5,19","4,88","4,16","4,66","5,18","4,02","4,69","5,63","5,27","5,45","5,34","4,56","4,64","3,28","4,10","4,22","2,84","4,32","4,68","2,38","2,30","3,18","2,46","2,21","3,16","4,45","3,88","3,76","5,30","4,76","4,03","4,81","4,69","4,28","4,67","4,87","4,14","3,75","5,28","5,00","4,21","4,79","5,26","6,05","5,61","6,01","5,36","6,59","6,84","7,19","6,32","7,22","9,13","9,03","7,92","6,04","7,04","8,02","6,98","4,71","3,87","4,37","2,65","2,25","1,33","1,12","-0,10","0,20","-0,22","-1,18","-0,14","1,58","1,15","-0,13","0,66","0,47","-0,04","0,12","1,04","2,34","2,03","0,42","0,78","0,06","0,55","0,66","1,98","0,95","3,01","3,62","4,86","4,92","5,43","5,41","6,58","7,10","7,43","7,81","6,39","7,17","5,49","4,99","5,29","4,51","4,40","4,95","4,79","4,25","4,19"
"246 Juegos electrónicos; consola, cartuchos y discos para videojuegos",N/E,N/E,N/E,N/E,N/E,N/E,N/E,N/E,N/E,N/E,N/E,N/E,N/E,N/E,N/E,N/E,N/E,N/E,N/E,N/E,N/E,N/E,N/E,N/E,N/E,N/E,N/E,N/E,N/E,N/E,N/E,N/E,N/E,N/E,N/E,N/E,N/E,N/E,N/E,N/E,N/E,N/E,N/E,N/E,N/E,N/E,N/E,N/E,N/E,N/E,N/E,N/E,N/E,N/E,N/E,N/E,N/E,N/E,N/E,N/E,N/E,N/E,N/E,N/E,N/E,N/E,N/E,N/E,N/E,N/E,N/E,N/E,N/E,N/E,N/E,N/E,N/E,N/E,N/E,N/E,N/E,N/E,N/E,N/E,N/E,N/E,N/E,N/E,N/E,N/E,N/E,N/E,N/E,N/E,N/E,N/E,N/E,N/E,N/E,N/E,N/E,N/E,N/E,N/E,N/E,N/E,N/E,N/E,N/E,N/E,N/E,N/E,N/E,N/E,N/E,N/E,N/E,N/E,N/E,N/E,N/E,N/E,N/E,N/E,N/E,N/E,N/E,N/E,N/E,N/E,N/E,N/E,N/E,N/E,N/E,N/E,N/E,N/E,N/E,N/E,N/E,N/E,N/E,N/E,N/E,N/E,N/E,N/E,N/E,N/E,N/E,N/E,N/E,N/E,N/E,N/E,N/E,N/E,N/E,N/E,N/E,N/E,N/E,N/E,N/E,N/E,N/E,N/E,N/E,N/E,N/E,N/E,N/E,N/E,N/E,N/E,N/E,N/E,N/E,N/E,N/E,N/E,N/E,N/E,N/E,N/E,N/E,N/E,N/E,N/E,N/E,N/E,N/E,N/E,N/E,N/E,N/E,N/E,N/E,N/E,N/E,N/E,N/E,N/E,N/E,N/E,N/E,N/E,N/E,N/E,N/E,N/E,N/E,N/E,N/E,N/E,N/E,N/E,N/E,N/E,N/E,N/E,N/E,N/E,N/E,N/E,N/E,N/E,N/E,N/E,N/E,N/E,N/E,N/E,N/E,N/E,N/E,N/E,N/E,N/E,N/E,N/E,N/E,N/E,N/E,N/E,N/E,N/E,N/E,N/E,N/E,N/E,N/E,N/E,N/E,N/E,N/E,N/E,N/E,N/E,N/E,N/E,N/E,N/E,N/E,N/E,N/E,N/E,N/E,N/E,N/E,N/E,N/E,N/E,N/E,N/E,N/E,N/E,N/E,N/E,N/E,N/E,N/E,N/E,N/E,N/E,N/E,N/E,N/E,N/E,N/E,N/E,N/E,N/E,N/E,N/E,N/E,N/E,N/E,N/E,N/E,N/E,N/E,N/E,N/E,N/E,N/E,N/E,N/E,N/E,N/E,N/E,N/E,N/E,N/E,N/E,N/E,N/E,N/E,N/E,N/E,N/E,N/E,N/E,N/E,N/E,N/E,N/E,N/E,N/E,N/E,N/E,N/E,N/E,N/E,N/E,N/E,N/E,N/E,N/E,N/E,N/E,N/E,N/E,N/E,N/E,N/E,N/E,N/E,N/E,N/E,N/E,N/E,N/E,N/E,N/E,N/E,N/E,N/E,N/E,N/E,N/E,N/E,N/E,N/E,N/E,N/E,N/E,N/E,N/E,N/E,N/E,N/E,N/E,N/E,N/E,N/E,N/E,N/E,N/E,N/E,N/E,N/E,N/E,N/E,N/E,N/E,N/E,N/E,N/E,N/E,N/E,N/E,N/E,N/E,N/E,N/E,N/E,N/E,N/E,N/E,N/E,N/E,N/E,N/E,N/E,N/E,N/E,N/E,N/E,N/E,N/E,N/E,N/E,N/E,N/E,N/E,N/E,N/E,N/E,N/E,N/E,N/E,N/E,N/E,N/E,N/E,N/E,N/E,N/E,N/E,N/E,N/E,N/E,N/E,N/E,N/E,N/E,N/E,N/E,N/E,N/E,N/E,N/E,N/E,N/E,N/E,N/E,N/E,N/E,N/E,N/E,N/E,N/E,N/E,N/E,N/E,N/E,N/E,N/E,N/E,N/E,N/E,N/E,N/E,N/E,N/E,N/E,N/E,N/E,N/E,N/E,N/E,N/E,N/E,N/E,N/E,N/E,N/E,N/E,N/E,N/E,N/E,N/E,N/E,N/E,N/E,N/E,N/E,N/E,N/E,N/E,N/E,N/E,N/E,N/E,N/E,N/E,N/E,N/E,N/E,N/E,N/E,N/E,N/E,N/E,N/E,N/E,N/E,N/E,N/E,N/E,N/E,N/E,N/E,N/E,N/E,N/E,N/E,N/E,N/E,N/E,N/E,N/E,N/E,N/E,N/E,N/E,N/E,N/E,N/E,N/E,N/E,N/E,N/E,N/E,N/E,N/E,N/E,N/E,N/E,N/E,N/E,N/E,N/E,N/E,N/E,N/E,N/E,N/E,N/E,N/E,N/E,N/E,N/E,N/E,N/E,N/E,N/E,N/E,N/E,N/E,N/E,N/E,N/E,N/E,N/E,N/E,N/E,N/E,N/E,N/E,N/E,N/E,N/E,N/E,N/E,N/E,N/E,N/E,N/E,N/E,N/E,N/E,N/E,N/E,N/E,N/E,N/E,N/E,N/E,N/E,N/E,N/E,N/E,N/E,N/E,N/E,N/E,N/E,N/E,N/E,N/E,N/E,N/E,N/E,N/E,"-4,15","-0,74","-0,30","-1,84","-0,68","1,03","1,39","1,04","0,16","-0,52","3,86","4,29","6,87","5,47","5,73","4,17","2,32","1,57","1,57","3,23","5,19","6,61","0,60","-0,16","-0,83","-1,18","-1,01","0,86","1,94","2,32","3,54"
247 Juguetes y juegos de mesa,N/E,N/E,N/E,N/E,N/E,N/E,N/E,N/E,N/E,N/E,N/E,N/E,N/E,N/E,N/E,N/E,N/E,N/E,N/E,N/E,N/E,N/E,N/E,N/E,N/E,N/E,N/E,N/E,N/E,N/E,N/E,N/E,N/E,N/E,N/E,N/E,N/E,N/E,N/E,N/E,N/E,N/E,N/E,N/E,N/E,N/E,N/E,N/E,N/E,N/E,N/E,N/E,N/E,N/E,N/E,N/E,N/E,N/E,N/E,N/E,N/E,N/E,N/E,N/E,N/E,N/E,N/E,N/E,N/E,N/E,N/E,N/E,N/E,N/E,N/E,N/E,N/E,N/E,N/E,N/E,N/E,N/E,N/E,N/E,N/E,N/E,N/E,N/E,N/E,N/E,N/E,N/E,N/E,N/E,N/E,N/E,N/E,N/E,N/E,N/E,N/E,N/E,N/E,N/E,N/E,N/E,N/E,N/E,N/E,N/E,N/E,N/E,N/E,N/E,N/E,N/E,N/E,N/E,N/E,N/E,N/E,N/E,N/E,N/E,N/E,N/E,N/E,N/E,N/E,N/E,N/E,N/E,N/E,N/E,N/E,N/E,N/E,N/E,N/E,N/E,N/E,N/E,N/E,N/E,"23,80","21,20","18,64","17,19","15,55","15,55","13,78","15,12","15,85","15,53","16,00","16,19","17,14","18,09","20,21","24,60","36,57","46,65","58,86","86,01","92,38","104,07","112,42","122,86","134,00","133,82","136,14","132,45","114,89","123,55","118,98","95,60","88,11","99,43","111,51","109,55","108,91","109,17","104,99","102,66","100,88","83,93","71,22","59,79","64,42","45,92","40,30","39,08","31,61","31,91","31,31","30,40","33,90","31,53","43,90","52,43","49,75","57,68","63,59","59,30","61,90","89,76","92,11","130,33","130,63","129,66","130,51","123,20","152,99","153,57","137,16","149,50","147,28","110,71","136,39","103,38","97,79","124,15","121,98","124,68","132,51","137,39","153,00","157,01","147,52","171,67","155,47","160,36","162,40","129,12","108,88","102,01","64,58","50,08","33,91","23,70","27,62","12,97","3,44","-4,87","-5,68","-6,76","-3,14","0,16","3,25","6,77","6,99","7,60","10,86","13,44","5,23","8,51","17,20","27,44","26,90","23,21","22,71","20,34","20,87","19,79","16,26","16,34","27,82","27,92","18,04","8,89","4,77","3,64","3,41","8,57","19,72","22,75","24,37","25,05","25,25","26,13","33,26","41,45","44,28","44,94","44,93","31,91","15,54","11,83","10,69","9,75","5,45","4,23","-2,15","-7,72","-7,31","-5,28","-1,25","5,22","8,84","9,93","9,15","9,44","13,70","10,06","10,51","6,47","5,27","0,13","-4,04","-6,36","-6,84","-10,96","-13,23","-11,26","-9,40","0,17","4,31","11,94","13,30","24,19","29,21","31,97","39,09","53,34","59,79","58,50","57,80","50,60","48,66","42,82","42,53","34,56","30,50","29,44","24,63","21,96","22,48","20,94","18,54","17,73","17,23","18,43","17,76","16,78","16,72","16,55","16,75","14,70","14,17","14,07","15,26","15,54","14,48","14,42","13,99","14,92","15,42","15,53","14,35","14,05","14,06","14,70","14,74","13,73","13,17","13,17","14,09","13,47","15,09","14,81","15,52","15,48","15,10","14,70","14,59","14,16","14,34","13,66","12,38","12,07","9,39","8,41","6,77","5,45","4,65","4,19","4,03","4,56","4,05","4,77","5,40","5,34","4,17","4,31","4,71","4,86","4,53","4,01","2,69","1,73","2,47","2,13","2,62","2,73","3,79","4,08","4,09","2,00","2,09","1,75","3,21","2,49","1,97","1,13","-0,52","-1,21","-1,11","-2,18","-2,06","-1,95","-2,36","-1,47","-2,25","-1,20","-1,20","-1,45","-0,60","-0,14","0,31","0,42","0,73","2,89","2,68","0,45","0,36","-0,39","-2,10","-1,84","-2,33","-2,56","-3,05","-2,47","-2,79","-4,67","-4,48","-3,07","-2,78","-2,28","-1,20","-0,75","-0,77","-0,63","-0,43","-0,39","-0,10","0,92","0,91","1,80","2,02","2,74","3,68","3,75","4,03","4,17","4,59","4,68","4,31","4,20","4,91","4,22","3,72","3,19","2,40","2,04","2,50","2,39","2,20","1,94","2,41","1,50","1,59","1,83","2,30","1,97","3,07","3,79","4,77","5,58","4,71","5,50","5,33","6,85","6,50","6,20","6,13","6,55","4,80","4,98","3,44","2,07","2,92","3,37","2,84","1,84","0,85","0,35","0,09","-0,83","-0,45","-0,71","-0,71","0,23","-0,55","-0,67","-1,13","-0,90","-0,95","-1,52","-0,98","-0,11","0,62","1,56","1,76","0,51","0,80","1,21","1,98","0,74","2,16","1,74","2,38","0,93","2,28","1,99","3,04","3,43","3,35","1,58","0,23","0,11","1,39","5,17","4,09","5,37","3,18","3,20","0,74","2,48","3,42","3,89","3,71","4,16","2,48","0,58","0,82","1,87","1,10","0,74","0,79","-1,02","-1,14","-0,92","-0,26","-1,03","-0,78","0,19","3,12","2,61","4,42","4,28","3,69","5,08","5,44","5,33","5,20","7,90","7,46","5,84","3,37","5,09","5,33","4,34","4,66","7,15","6,53","6,87","6,73","5,25","5,07","6,88","6,36","3,96","3,65","5,47","6,26","1,97","0,69","0,08","1,61","2,32","1,39","-0,23","1,71","2,39","1,91","0,88","-0,07","3,52","4,23","4,79","3,82","3,48","4,26","4,94","2,33","1,00","1,47","2,18","5,14","2,24","2,08","1,70","0,31","1,68","2,59","3,22","4,67","4,09","3,82","3,88","3,33","4,53","4,88","5,39","7,34","6,70","6,92","7,04"
248 Artículos deportivos,N/E,N/E,N/E,N/E,N/E,N/E,N/E,N/E,N/E,N/E,N/E,N/E,N/E,N/E,N/E,N/E,N/E,N/E,N/E,N/E,N/E,N/E,N/E,N/E,N/E,N/E,N/E,N/E,N/E,N/E,N/E,N/E,N/E,N/E,N/E,N/E,N/E,N/E,N/E,N/E,N/E,N/E,N/E,N/E,N/E,N/E,N/E,N/E,N/E,N/E,N/E,N/E,N/E,N/E,N/E,N/E,N/E,N/E,N/E,N/E,N/E,N/E,N/E,N/E,N/E,N/E,N/E,N/E,N/E,N/E,N/E,N/E,N/E,N/E,N/E,N/E,N/E,N/E,N/E,N/E,N/E,N/E,N/E,N/E,"2,50","2,16","1,99","2,59","3,18","3,04","3,11","4,13","6,93","10,83","15,10","18,29","23,31","24,94","25,15","24,55","24,96","25,49","25,55","26,96","23,56","18,82","14,26","11,25","8,08","7,56","9,40","9,44","8,68","8,68","9,19","7,38","8,01","8,77","8,97","9,33","7,64","7,38","6,30","6,49","6,32","7,46","7,16","7,16","7,92","8,58","9,07","9,40","14,97","15,96","16,45","17,03","20,29","19,63","23,52","25,46","23,82","24,11","23,41","24,88","20,34","19,61","22,53","23,12","24,94","24,98","22,93","21,82","24,03","24,40","26,02","25,13","24,42","30,63","39,59","39,57","39,52","40,45","46,06","67,60","76,29","87,31","114,43","116,32","133,95","155,43","137,38","151,96","144,74","188,35","207,06","169,80","155,38","152,53","123,22","126,68","110,00","84,45","82,96","83,82","81,67","52,63","35,92","37,35","36,46","38,41","41,45","41,74","42,04","48,64","49,32","45,64","46,99","57,24","64,75","62,41","69,40","71,74","75,47","70,93","71,50","70,35","77,05","77,16","77,99","75,26","68,01","74,17","72,30","79,32","70,49","84,49","85,00","91,08","90,40","83,24","102,49","121,73","122,92","119,53","142,62","135,15","138,38","144,31","168,83","181,43","172,97","172,26","144,14","110,90","108,15","100,86","73,34","56,58","51,39","33,95","19,93","5,29","-0,76","-2,05","0,18","0,04","0,00","0,09","1,00","1,28","1,48","2,94","3,19","3,31","9,76","10,16","7,12","7,74","8,06","9,21","9,71","9,82","10,49","10,84","10,97","10,81","7,86","9,19","14,51","15,58","16,25","15,62","14,84","14,88","14,23","15,32","6,79","11,46","13,10","7,98","2,51","2,19","2,88","2,68","3,15","3,16","2,87","0,52","8,07","3,74","2,17","5,43","6,88","5,95","5,71","5,51","5,59","5,55","5,77","6,82","6,80","3,85","3,72","4,74","3,35","3,19","2,20","1,85","1,24","1,28","1,34","1,07","3,87","8,76","13,76","20,04","24,25","29,04","30,47","32,11","35,63","37,63","39,84","43,16","43,53","46,51","43,13","39,14","38,52","35,95","36,64","36,11","34,27","32,34","32,30","30,43","27,94","24,07","22,51","20,04","18,87","18,67","16,48","16,20","15,74","17,27","16,47","17,40","16,89","17,78","18,10","18,29","17,53","15,92","16,55","16,54","16,27","16,49","16,06","15,53","16,01","16,61","18,56","17,69","17,44","18,10","19,09","19,40","20,25","18,67","19,05","18,15","17,37","14,99","11,74","10,66","10,07","9,69","8,36","8,29","7,95","7,45","6,73","6,32","6,80","6,71","6,95","7,71","7,69","4,72","4,68","4,33","4,09","3,81","4,38","3,79","3,20","3,34","2,80","1,71","1,26","3,04","2,75","2,86","3,82","3,82","2,27","3,09","3,11","2,70","2,85","3,89","3,60","3,42","2,92","2,59","0,93","1,01","1,42","0,65","0,05","0,22","0,44","-0,08","-0,23","0,32","-1,19","-1,32","-0,78","0,61","1,03","0,30","-0,37","-0,53","-0,49","-0,53","-0,17","-0,29","2,04","2,42","1,99","0,64","0,31","0,93","2,19","2,68","2,56","1,99","1,91","2,66","2,70","1,79","2,33","3,10","3,69","4,53","4,41","4,00","3,68","4,23","3,93","3,20","3,45","4,16","3,27","2,61","2,37","2,10","2,02","2,07","2,66","2,36","3,10","3,28","2,73","2,88","4,29","5,00","5,63","4,58","4,84","5,42","9,49","11,88","12,24","12,64","11,80","12,27","11,32","10,89","10,11","10,95","11,39","11,62","7,43","6,16","5,32","4,94","6,80","6,60","5,97","5,68","6,40","5,46","4,31","2,88","2,04","1,82","3,09","4,02","2,72","2,76","3,58","4,07","3,01","4,22","4,64","5,41","6,74","6,29","5,43","4,56","4,78","3,85","3,81","3,81","4,52","4,11","3,73","3,19","1,80","1,37","1,66","1,53","1,70","2,07","2,45","2,17","2,09","2,33","2,16","3,37","4,16","5,15","4,66","4,37","4,07","4,63","4,22","4,60","2,89","3,45","4,52","2,20","1,69","1,38","1,28","1,59","2,46","1,95","2,26","2,55","3,55","2,60","1,32","3,31","4,38","4,32","3,74","4,20","2,91","3,47","2,65","2,30","2,50","3,40","4,15","4,89","6,96","7,91","7,70","7,53","8,95","8,81","9,80","8,95","9,43","9,21","9,24","7,91","4,71","3,76","4,33","3,33","3,98","4,48","2,72","2,94","1,88","2,78","0,93","1,67","1,70","0,64","0,29","0,56","0,41","0,81","2,25","2,07","1,59","0,56","1,62","1,33","1,77","2,19","1,00","3,05","1,58","0,44","0,69","1,02","0,86","2,26","3,31","3,07","4,16","4,53","6,00","4,85","5,21","5,73","5,67","5,66","6,03","4,51","4,54","4,95"
249 Plantas y flores,N/E,N/E,N/E,N/E,N/E,N/E,N/E,N/E,N/E,N/E,N/E,N/E,N/E,N/E,N/E,N/E,N/E,N/E,N/E,N/E,N/E,N/E,N/E,N/E,N/E,N/E,N/E,N/E,N/E,N/E,N/E,N/E,N/E,N/E,N/E,N/E,N/E,N/E,N/E,N/E,N/E,N/E,N/E,N/E,N/E,N/E,N/E,N/E,N/E,N/E,N/E,N/E,N/E,N/E,N/E,N/E,N/E,N/E,N/E,N/E,N/E,N/E,N/E,N/E,N/E,N/E,N/E,N/E,N/E,N/E,N/E,N/E,N/E,N/E,N/E,N/E,N/E,N/E,N/E,N/E,N/E,N/E,N/E,N/E,N/E,N/E,N/E,N/E,N/E,N/E,N/E,N/E,N/E,N/E,N/E,N/E,N/E,N/E,N/E,N/E,N/E,N/E,N/E,N/E,N/E,N/E,N/E,N/E,N/E,N/E,N/E,N/E,N/E,N/E,N/E,N/E,N/E,N/E,N/E,N/E,N/E,N/E,N/E,N/E,N/E,N/E,N/E,N/E,N/E,N/E,N/E,N/E,N/E,N/E,N/E,N/E,N/E,N/E,N/E,N/E,N/E,N/E,N/E,N/E,N/E,N/E,N/E,N/E,N/E,N/E,N/E,N/E,N/E,N/E,N/E,N/E,N/E,N/E,N/E,N/E,N/E,N/E,N/E,N/E,N/E,N/E,N/E,N/E,N/E,N/E,N/E,N/E,N/E,N/E,N/E,N/E,N/E,N/E,N/E,N/E,N/E,N/E,N/E,N/E,N/E,N/E,N/E,N/E,N/E,N/E,N/E,N/E,N/E,N/E,N/E,N/E,N/E,N/E,N/E,N/E,N/E,N/E,N/E,N/E,N/E,N/E,N/E,N/E,N/E,N/E,N/E,N/E,N/E,N/E,N/E,N/E,N/E,N/E,N/E,N/E,N/E,N/E,N/E,N/E,N/E,N/E,N/E,N/E,N/E,N/E,N/E,N/E,N/E,N/E,N/E,N/E,N/E,N/E,N/E,N/E,N/E,N/E,N/E,N/E,N/E,N/E,N/E,N/E,N/E,N/E,N/E,N/E,N/E,N/E,N/E,N/E,N/E,N/E,N/E,N/E,N/E,N/E,N/E,N/E,N/E,N/E,N/E,N/E,N/E,N/E,N/E,N/E,N/E,N/E,N/E,N/E,N/E,N/E,N/E,N/E,N/E,N/E,N/E,N/E,N/E,N/E,N/E,N/E,N/E,N/E,N/E,N/E,N/E,N/E,N/E,N/E,N/E,N/E,N/E,N/E,N/E,N/E,N/E,N/E,N/E,N/E,N/E,N/E,N/E,N/E,N/E,N/E,N/E,N/E,N/E,N/E,N/E,N/E,N/E,N/E,N/E,N/E,N/E,N/E,N/E,N/E,N/E,N/E,N/E,N/E,N/E,N/E,N/E,N/E,N/E,N/E,N/E,N/E,N/E,N/E,N/E,N/E,N/E,N/E,N/E,N/E,N/E,N/E,N/E,N/E,N/E,N/E,N/E,N/E,N/E,N/E,N/E,N/E,N/E,N/E,N/E,N/E,N/E,N/E,N/E,N/E,N/E,N/E,N/E,N/E,N/E,N/E,N/E,N/E,N/E,N/E,N/E,N/E,N/E,N/E,N/E,N/E,N/E,N/E,N/E,N/E,N/E,N/E,N/E,N/E,N/E,N/E,N/E,N/E,N/E,N/E,N/E,N/E,N/E,N/E,N/E,N/E,N/E,N/E,N/E,N/E,N/E,N/E,N/E,N/E,N/E,N/E,N/E,N/E,N/E,N/E,N/E,N/E,N/E,N/E,N/E,N/E,N/E,N/E,N/E,N/E,N/E,N/E,N/E,N/E,N/E,N/E,N/E,N/E,N/E,N/E,N/E,N/E,N/E,N/E,N/E,N/E,N/E,N/E,N/E,N/E,N/E,N/E,N/E,N/E,N/E,N/E,N/E,N/E,N/E,N/E,N/E,N/E,N/E,N/E,N/E,N/E,N/E,N/E,N/E,N/E,N/E,N/E,N/E,N/E,N/E,N/E,N/E,N/E,N/E,N/E,N/E,N/E,N/E,N/E,N/E,N/E,N/E,N/E,N/E,N/E,N/E,N/E,N/E,N/E,N/E,N/E,N/E,N/E,N/E,N/E,N/E,N/E,N/E,N/E,N/E,N/E,N/E,N/E,N/E,N/E,N/E,N/E,N/E,N/E,N/E,N/E,N/E,N/E,N/E,N/E,N/E,N/E,N/E,N/E,N/E,N/E,N/E,N/E,N/E,N/E,N/E,N/E,N/E,N/E,N/E,N/E,N/E,N/E,N/E,N/E,N/E,N/E,N/E,N/E,N/E,N/E,N/E,N/E,N/E,N/E,N/E,N/E,N/E,N/E,N/E,N/E,N/E,N/E,N/E,N/E,N/E,N/E,N/E,N/E,N/E,N/E,N/E,N/E,N/E,N/E,N/E,N/E,N/E,N/E,N/E,N/E,N/E,N/E,N/E,N/E,N/E,N/E,N/E,N/E,N/E,N/E,N/E,N/E,N/E,N/E,N/E,N/E,N/E,N/E,N/E,N/E,N/E,N/E,N/E,N/E,N/E,N/E,N/E,N/E,N/E,N/E,N/E,N/E,N/E,N/E,N/E,"3,90","4,55","5,25","5,26","4,68","3,02","2,85","1,52","0,36","-1,65","0,72","1,89","3,03","4,48","5,19","3,54","3,68","2,93","2,43","6,75","9,27","11,60","10,41","9,22","7,67","7,51","7,44","12,34","11,75","13,15","15,86"
250 Alimento para mascotas,N/E,N/E,N/E,N/E,N/E,N/E,N/E,N/E,N/E,N/E,N/E,N/E,N/E,N/E,N/E,N/E,N/E,N/E,N/E,N/E,N/E,N/E,N/E,N/E,N/E,N/E,N/E,N/E,N/E,N/E,N/E,N/E,N/E,N/E,N/E,N/E,N/E,N/E,N/E,N/E,N/E,N/E,N/E,N/E,N/E,N/E,N/E,N/E,N/E,N/E,N/E,N/E,N/E,N/E,N/E,N/E,N/E,N/E,N/E,N/E,N/E,N/E,N/E,N/E,N/E,N/E,N/E,N/E,N/E,N/E,N/E,N/E,N/E,N/E,N/E,N/E,N/E,N/E,N/E,N/E,N/E,N/E,N/E,N/E,N/E,N/E,N/E,N/E,N/E,N/E,N/E,N/E,N/E,N/E,N/E,N/E,N/E,N/E,N/E,N/E,N/E,N/E,N/E,N/E,N/E,N/E,N/E,N/E,N/E,N/E,N/E,N/E,N/E,N/E,N/E,N/E,N/E,N/E,N/E,N/E,N/E,N/E,N/E,N/E,N/E,N/E,N/E,N/E,N/E,N/E,N/E,N/E,N/E,N/E,N/E,N/E,N/E,N/E,N/E,N/E,N/E,N/E,N/E,N/E,N/E,N/E,N/E,N/E,N/E,N/E,N/E,N/E,N/E,N/E,N/E,N/E,N/E,N/E,N/E,N/E,N/E,N/E,N/E,N/E,N/E,N/E,N/E,N/E,N/E,N/E,N/E,N/E,N/E,N/E,N/E,N/E,N/E,N/E,N/E,N/E,N/E,N/E,N/E,N/E,N/E,N/E,N/E,N/E,N/E,N/E,N/E,N/E,N/E,N/E,N/E,N/E,N/E,N/E,N/E,N/E,N/E,N/E,N/E,N/E,N/E,N/E,N/E,N/E,N/E,N/E,N/E,N/E,N/E,N/E,N/E,N/E,N/E,N/E,N/E,N/E,N/E,N/E,N/E,N/E,N/E,N/E,N/E,N/E,N/E,N/E,N/E,N/E,N/E,N/E,N/E,N/E,N/E,N/E,N/E,N/E,N/E,N/E,N/E,N/E,N/E,N/E,N/E,N/E,N/E,N/E,N/E,N/E,N/E,N/E,N/E,N/E,N/E,N/E,N/E,N/E,N/E,N/E,N/E,N/E,N/E,N/E,N/E,N/E,N/E,N/E,N/E,N/E,N/E,N/E,N/E,N/E,N/E,N/E,N/E,N/E,N/E,N/E,N/E,N/E,N/E,N/E,N/E,N/E,N/E,N/E,N/E,N/E,N/E,N/E,N/E,N/E,N/E,N/E,N/E,N/E,N/E,N/E,N/E,N/E,N/E,N/E,N/E,N/E,N/E,N/E,N/E,N/E,N/E,N/E,N/E,N/E,N/E,N/E,N/E,N/E,N/E,N/E,N/E,N/E,N/E,N/E,N/E,N/E,N/E,N/E,N/E,N/E,N/E,N/E,N/E,N/E,N/E,N/E,N/E,N/E,N/E,N/E,N/E,N/E,N/E,N/E,N/E,N/E,N/E,N/E,N/E,N/E,N/E,N/E,N/E,N/E,N/E,N/E,N/E,N/E,N/E,N/E,N/E,N/E,N/E,N/E,N/E,N/E,N/E,N/E,N/E,N/E,N/E,N/E,N/E,N/E,N/E,N/E,N/E,N/E,N/E,N/E,N/E,N/E,N/E,N/E,N/E,N/E,N/E,N/E,N/E,N/E,N/E,N/E,N/E,N/E,N/E,N/E,N/E,N/E,N/E,N/E,N/E,N/E,N/E,N/E,N/E,N/E,N/E,N/E,N/E,N/E,N/E,N/E,"2,46","2,08","3,64","3,99","3,98","3,94","4,54","5,04","5,68","7,00","7,80","8,85","8,66","8,09","5,98","5,53","5,87","5,50","5,20","5,55","5,35","3,77","2,90","0,81","0,72","1,59","1,84","1,26","0,57","-0,20","-0,50","-0,92","-1,35","-0,75","-0,78","-0,81","-0,36","-0,91","-0,44","0,10","0,09","0,63","1,55","1,54","5,13","6,40","7,70","8,91","8,46","8,81","8,71","8,26","8,28","7,98","7,14","7,57","7,19","6,39","8,29","11,61","12,47","19,20","22,69","23,01","24,16","25,15","24,74","24,12","21,76","23,39","24,71","20,39","20,19","15,76","12,68","12,18","11,98","11,38","11,91","11,13","9,85","7,36","3,38","3,62","1,19","0,36","-1,08","0,57","0,61","0,43","0,02","1,03","0,85","3,02","6,67","7,10","7,51","5,28","6,31","5,65","5,68","8,52","9,33","9,36","9,70","7,12","3,89","3,66","4,81","7,08","6,88","6,68","8,56","7,11","7,15","7,64","7,00","6,11","5,53","4,64","3,81","3,93","3,97","2,13","0,70","2,51","15,95","12,79","12,15","13,38","15,58","17,29","17,23","16,77","16,98","18,38","18,73","17,66","3,35","3,16","2,52","2,09","2,80","3,19","3,09","3,37","4,64","3,26","0,42","-1,17","-0,20","3,41","3,58","5,38","3,52","0,80","3,59","3,54","4,07","8,23","10,90","10,97","12,16","10,04","10,82","10,67","12,07","12,94","11,02","10,70","9,09","7,70","7,22","7,56","4,85","5,62","5,79","5,16","4,70","5,37","5,86","3,87","5,32","4,50","4,50","3,90","4,24","4,19","5,13","5,09","4,30","4,69","5,19","5,81","3,96","4,83","4,52","4,69","4,86","4,13","4,40","4,65","5,44","5,13","4,08","4,88","5,17","4,47","4,04","3,54","3,66","5,18","4,49","3,61","3,35","3,42","4,90","4,64","6,30","6,94","7,95","8,48","9,23","7,32"
251 Servicios para mascotas,N/E,N/E,N/E,N/E,N/E,N/E,N/E,N/E,N/E,N/E,N/E,N/E,N/E,N/E,N/E,N/E,N/E,N/E,N/E,N/E,N/E,N/E,N/E,N/E,N/E,N/E,N/E,N/E,N/E,N/E,N/E,N/E,N/E,N/E,N/E,N/E,N/E,N/E,N/E,N/E,N/E,N/E,N/E,N/E,N/E,N/E,N/E,N/E,N/E,N/E,N/E,N/E,N/E,N/E,N/E,N/E,N/E,N/E,N/E,N/E,N/E,N/E,N/E,N/E,N/E,N/E,N/E,N/E,N/E,N/E,N/E,N/E,N/E,N/E,N/E,N/E,N/E,N/E,N/E,N/E,N/E,N/E,N/E,N/E,N/E,N/E,N/E,N/E,N/E,N/E,N/E,N/E,N/E,N/E,N/E,N/E,N/E,N/E,N/E,N/E,N/E,N/E,N/E,N/E,N/E,N/E,N/E,N/E,N/E,N/E,N/E,N/E,N/E,N/E,N/E,N/E,N/E,N/E,N/E,N/E,N/E,N/E,N/E,N/E,N/E,N/E,N/E,N/E,N/E,N/E,N/E,N/E,N/E,N/E,N/E,N/E,N/E,N/E,N/E,N/E,N/E,N/E,N/E,N/E,N/E,N/E,N/E,N/E,N/E,N/E,N/E,N/E,N/E,N/E,N/E,N/E,N/E,N/E,N/E,N/E,N/E,N/E,N/E,N/E,N/E,N/E,N/E,N/E,N/E,N/E,N/E,N/E,N/E,N/E,N/E,N/E,N/E,N/E,N/E,N/E,N/E,N/E,N/E,N/E,N/E,N/E,N/E,N/E,N/E,N/E,N/E,N/E,N/E,N/E,N/E,N/E,N/E,N/E,N/E,N/E,N/E,N/E,N/E,N/E,N/E,N/E,N/E,N/E,N/E,N/E,N/E,N/E,N/E,N/E,N/E,N/E,N/E,N/E,N/E,N/E,N/E,N/E,N/E,N/E,N/E,N/E,N/E,N/E,N/E,N/E,N/E,N/E,N/E,N/E,N/E,N/E,N/E,N/E,N/E,N/E,N/E,N/E,N/E,N/E,N/E,N/E,N/E,N/E,N/E,N/E,N/E,N/E,N/E,N/E,N/E,N/E,N/E,N/E,N/E,N/E,N/E,N/E,N/E,N/E,N/E,N/E,N/E,N/E,N/E,N/E,N/E,N/E,N/E,N/E,N/E,N/E,N/E,N/E,N/E,N/E,N/E,N/E,N/E,N/E,N/E,N/E,N/E,N/E,N/E,N/E,N/E,N/E,N/E,N/E,N/E,N/E,N/E,N/E,N/E,N/E,N/E,N/E,N/E,N/E,N/E,N/E,N/E,N/E,N/E,N/E,N/E,N/E,N/E,N/E,N/E,N/E,N/E,N/E,N/E,N/E,N/E,N/E,N/E,N/E,N/E,N/E,N/E,N/E,N/E,N/E,N/E,N/E,N/E,N/E,N/E,N/E,N/E,N/E,N/E,N/E,N/E,N/E,N/E,N/E,N/E,N/E,N/E,N/E,N/E,N/E,N/E,N/E,N/E,N/E,N/E,N/E,N/E,N/E,N/E,N/E,N/E,N/E,N/E,N/E,N/E,N/E,N/E,N/E,N/E,N/E,N/E,N/E,N/E,N/E,N/E,N/E,N/E,N/E,N/E,N/E,N/E,N/E,N/E,N/E,N/E,N/E,N/E,N/E,N/E,N/E,N/E,N/E,N/E,N/E,N/E,N/E,N/E,N/E,N/E,N/E,N/E,N/E,N/E,N/E,N/E,N/E,N/E,N/E,N/E,N/E,N/E,N/E,N/E,N/E,N/E,N/E,N/E,N/E,N/E,N/E,N/E,N/E,N/E,N/E,N/E,N/E,N/E,N/E,N/E,N/E,N/E,N/E,N/E,N/E,N/E,N/E,N/E,N/E,N/E,N/E,N/E,N/E,N/E,N/E,N/E,N/E,N/E,N/E,N/E,N/E,N/E,N/E,N/E,N/E,N/E,N/E,N/E,N/E,N/E,N/E,N/E,N/E,N/E,N/E,N/E,N/E,N/E,N/E,N/E,N/E,N/E,N/E,N/E,N/E,N/E,N/E,N/E,N/E,N/E,N/E,N/E,N/E,N/E,N/E,N/E,N/E,N/E,N/E,N/E,N/E,N/E,N/E,N/E,N/E,N/E,N/E,N/E,N/E,N/E,N/E,N/E,N/E,N/E,N/E,N/E,N/E,N/E,N/E,N/E,N/E,N/E,N/E,N/E,N/E,N/E,N/E,N/E,N/E,N/E,N/E,N/E,N/E,N/E,N/E,N/E,N/E,N/E,N/E,N/E,N/E,N/E,N/E,N/E,N/E,N/E,N/E,N/E,N/E,N/E,N/E,N/E,N/E,N/E,N/E,N/E,N/E,N/E,N/E,N/E,N/E,N/E,N/E,N/E,N/E,N/E,N/E,N/E,N/E,N/E,N/E,N/E,N/E,N/E,N/E,N/E,N/E,N/E,N/E,N/E,N/E,N/E,N/E,N/E,N/E,N/E,N/E,N/E,N/E,N/E,N/E,N/E,N/E,N/E,N/E,N/E,N/E,N/E,N/E,N/E,N/E,N/E,N/E,N/E,N/E,N/E,N/E,N/E,N/E,N/E,N/E,N/E,N/E,N/E,N/E,N/E,N/E,N/E,"6,52","6,68","6,37","6,17","5,86","5,46","5,14","4,67","3,60","3,22","3,14","3,42","3,48","2,95","3,25","3,54","4,26","3,94","3,42","3,24","2,53","2,46","2,48","2,98","3,05","3,53","3,05","3,28","2,87","4,04","5,26"
252 Club deportivo,N/E,N/E,N/E,N/E,N/E,N/E,N/E,N/E,N/E,N/E,N/E,N/E,"2,45","2,26","2,01","2,01","2,01","3,26","3,28","3,28","2,62","5,64","5,64","5,64","8,68","10,32","10,35","10,35","10,35","14,71","14,55","14,55","14,55","11,53","13,63","13,76","16,67","18,25","18,19","18,19","18,19","5,94","12,45","12,45","12,45","12,70","10,62","10,49","3,21","9,49","9,49","9,51","9,53","16,12","10,51","10,51","15,55","16,10","16,12","16,66","23,44","16,71","16,77","16,77","17,18","17,18","16,39","16,39","16,00","17,14","17,89","20,28","17,58","13,94","13,88","13,87","13,90","13,90","21,29","22,79","19,71","19,17","19,84","19,01","24,66","24,69","29,06","29,06","28,55","28,59","21,58","20,91","20,02","23,40","27,18","25,31","26,52","26,75","22,76","27,61","27,61","27,57","26,43","25,03","25,87","20,93","16,71","18,40","14,54","20,38","20,08","15,65","19,67","19,67","19,70","20,23","18,43","21,61","21,25","19,16","19,28","15,02","17,94","18,01","14,12","14,98","15,53","16,51","16,81","13,37","13,75","17,25","26,67","27,14","33,12","35,27","37,62","38,17","37,65","39,73","40,04","41,25","42,97","39,62","34,35","33,72","33,94","35,66","34,92","33,50","35,65","33,05","34,13","36,46","34,35","33,77","49,14","61,19","52,67","54,87","53,97","58,01","56,82","61,19","72,55","70,88","72,59","75,77","125,11","110,51","108,14","102,43","102,36","98,77","99,42","122,38","105,82","103,83","104,32","101,63","72,83","78,33","79,12","76,34","76,00","77,20","77,03","60,65","60,88","60,79","60,24","59,82","39,59","39,05","38,17","42,76","44,18","44,29","43,91","82,62","81,94","83,60","82,35","85,68","124,56","119,40","119,76","113,51","111,75","113,80","129,74","74,77","93,42","92,75","101,58","100,12","57,10","56,52","67,22","74,25","77,73","83,32","74,27","77,35","78,73","104,41","128,28","131,31","179,53","189,28","173,23","162,95","156,88","154,41","147,40","141,53","116,52","88,21","60,24","56,03","19,92","32,80","36,65","37,12","36,92","30,70","35,17","41,99","42,01","41,88","42,04","43,86","52,36","45,06","42,31","43,82","44,09","44,20","39,66","33,88","34,47","34,58","35,24","38,06","40,28","32,04","30,60","28,26","28,54","33,04","37,97","36,97","36,37","36,25","42,71","44,23","42,50","37,53","36,40","37,04","37,36","33,07","27,81","27,82","29,41","34,56","29,52","25,19","19,25","19,86","19,70","19,57","18,75","18,32","18,37","18,88","17,90","13,45","11,91","11,79","7,52","7,94","10,21","9,54","9,57","9,78","9,86","9,25","8,69","8,52","8,49","9,93","13,00","11,88","13,01","21,97","24,38","24,90","25,49","26,25","26,50","26,79","27,35","25,61","24,45","31,57","27,95","19,33","17,63","17,79","18,62","18,19","18,21","18,80","19,76","20,48","24,66","17,81","21,36","20,99","20,78","20,05","18,64","18,72","18,63","18,33","17,21","16,06","13,20","16,45","13,25","14,21","15,07","15,77","16,22","16,14","16,22","15,92","16,83","16,72","16,70","15,20","15,82","14,82","14,23","13,65","13,84","14,32","16,00","15,79","14,84","14,66","15,56","14,12","12,89","12,69","12,39","12,41","12,62","13,00","11,90","12,75","13,56","13,83","13,50","13,26","13,35","14,55","15,99","16,01","15,61","15,31","15,04","14,71","13,98","13,68","14,88","15,84","16,75","15,55","14,33","14,52","14,39","13,60","13,12","12,58","12,34","12,39","9,37","7,79","7,27","7,37","6,96","6,76","6,53","6,55","6,61","6,63","6,93","7,02","5,11","5,03","4,90","4,67","4,65","4,61","4,96","5,14","5,06","4,92","4,46","4,39","5,19","5,33","5,13","5,37","5,38","5,27","4,78","5,11","5,21","5,52","5,55","5,44","5,32","6,03","6,45","6,40","6,44","6,41","6,47","5,97","6,14","6,71","7,01","6,92","6,76","6,27","5,70","5,56","5,65","6,11","5,99","5,86","5,33","4,31","4,32","4,43","4,03","3,76","3,63","3,52","3,49","3,14","3,28","3,65","4,46","4,88","4,36","4,38","4,87","4,85","4,89","5,49","5,35","5,37","5,53","5,48","5,01","4,98","5,22","5,02","5,22","5,10","5,06","4,41","4,32","4,17","4,60","4,20","4,07","3,92","4,18","4,36","4,12","3,83","4,10","4,22","4,24","4,45","4,01","4,20","4,32","4,21","3,97","4,16","3,86","4,10","4,02","4,03","4,00","3,83","3,24","3,41","3,48","3,63","3,39","3,13","3,10","2,86","2,62","2,58","2,63","2,85","3,18","2,76","2,73","2,65","3,31","3,18","3,48","3,26","3,36","2,82","3,09","2,89","2,90","3,47","3,41","3,27","2,75","2,70","1,82","2,64","2,49","2,97","2,70","2,45","2,70","2,41","2,18","2,03","1,76","1,77","1,63","0,65","0,70","1,31","1,49","1,65","1,45","1,47","1,64","1,95","2,34","1,68","2,32","2,69","3,31","3,34","3,13","3,19","3,04","2,79","2,79","3,36","3,18","4,46","4,65","4,64","4,36","3,87","3,89","3,86","4,16","4,38","3,55","2,31","2,06","2,14","2,16","-0,07","4,59","3,58","2,69","2,36","2,30","2,47","4,08","4,73","4,84","4,10","3,60","6,62","1,66","2,24","2,99","3,29","3,16","3,70","3,81","3,03","2,37","2,64","2,73","1,79","1,71","2,00","2,17","2,17","2,35","1,62","0,71","1,65","2,49","2,12","2,37","2,86"
253 Cine,N/E,N/E,N/E,N/E,N/E,N/E,N/E,N/E,N/E,N/E,N/E,N/E,"-1,67","-0,43","-1,68","-1,01","0,59","4,51","1,81","3,66","5,67","6,18","4,67","5,98","5,94","6,64","5,77","6,45","8,81","5,33","6,14","6,35","6,51","4,71","6,75","6,91","7,68","6,93","6,77","5,64","3,43","4,08","4,77","4,33","8,58","9,35","7,50","5,45","4,96","6,59","9,85","9,07","10,69","8,29","9,01","11,55","7,74","5,42","9,71","8,16","9,51","8,04","5,24","5,79","3,59","8,19","12,25","11,63","11,56","23,28","20,69","24,26","22,38","24,76","25,99","27,50","23,86","19,87","16,49","16,11","15,31","6,10","6,51","7,83","7,79","7,97","9,70","9,16","15,24","15,61","13,80","15,93","17,10","24,26","24,76","29,20","29,35","28,68","28,39","29,04","30,54","32,29","36,81","36,62","34,89","27,55","28,64","23,13","24,07","24,22","22,99","24,45","23,48","21,76","20,02","23,21","28,92","38,16","37,35","36,67","34,56","34,35","34,62","35,29","36,26","37,32","36,89","32,74","27,54","20,23","21,73","22,77","29,88","31,36","32,28","29,46","26,11","27,85","29,15","28,43","29,86","31,87","29,44","30,21","27,25","25,43","24,47","24,81","24,81","22,37","22,43","22,22","24,79","23,06","25,56","26,24","26,21","28,81","32,02","33,12","33,91","36,91","38,16","61,56","57,36","59,92","58,70","57,79","59,77","56,80","55,53","58,06","78,89","78,46","80,13","56,72","59,30","57,51","66,65","65,74","64,92","70,85","75,22","71,40","52,80","51,71","61,88","58,47","55,69","58,71","47,16","48,86","70,04","74,33","68,77","69,03","72,15","70,88","56,90","58,21","60,18","60,52","62,44","64,53","42,78","48,52","53,19","58,51","55,82","60,40","64,62","75,18","74,29","74,69","86,60","91,01","101,47","89,57","88,99","88,51","92,60","91,47","112,17","109,81","126,55","128,11","116,48","131,87","153,02","177,85","174,79","171,48","172,30","170,49","134,77","124,25","107,28","97,63","95,60","77,22","56,21","39,97","35,67","33,27","27,69","25,70","26,95","26,60","28,49","35,18","33,44","31,07","28,87","26,42","29,37","33,50","33,49","33,30","36,34","38,25","35,74","31,53","33,55","39,85","45,98","46,04","44,29","41,42","43,44","43,32","40,86","39,59","40,40","47,71","56,52","49,68","53,81","51,99","49,66","47,57","46,10","45,78","45,62","44,38","44,61","36,84","27,41","27,28","19,22","31,01","42,15","42,46","43,09","43,40","44,64","44,56","45,91","48,82","48,48","50,61","51,04","37,39","26,53","25,19","24,59","23,72","20,88","20,53","18,55","14,69","14,75","12,46","11,83","13,39","15,15","19,62","20,95","24,73","36,43","36,18","36,00","36,79","40,64","42,12","39,39","36,89","34,04","29,56","27,51","24,31","14,62","15,96","16,50","16,30","13,04","12,10","12,92","12,82","12,97","14,07","13,75","14,09","16,11","14,58","14,68","15,15","16,04","16,17","17,21","20,28","21,96","21,92","23,19","22,17","19,88","23,57","22,56","22,32","20,58","20,66","24,40","24,86","27,56","27,25","25,95","26,06","26,80","23,55","23,00","22,47","23,39","22,75","18,80","15,84","11,70","10,54","10,19","10,02","9,19","8,57","9,31","9,36","8,72","8,54","6,71","6,10","6,34","6,11","5,83","5,79","6,63","7,00","6,44","6,03","5,72","6,05","7,01","6,68","6,55","7,28","8,10","8,32","7,35","6,91","7,20","7,27","7,70","6,90","9,65","10,33","10,22","9,68","9,07","8,57","7,82","7,36","6,89","6,35","5,84","5,74","1,45","0,90","0,76","0,78","0,68","0,73","0,68","0,52","0,48","0,68","0,74","0,74","0,92","1,08","2,38","2,53","2,66","2,74","2,62","2,61","2,80","2,90","2,80","3,14","3,43","3,67","3,23","3,51","3,92","4,26","4,78","4,93","4,98","4,81","4,83","5,07","5,17","4,94","4,03","3,37","3,53","3,67","3,19","3,32","3,26","2,48","2,73","2,43","2,38","2,29","2,44","2,48","1,96","1,79","1,81","1,56","1,39","2,57","2,77","1,79","1,76","1,69","1,72","2,49","3,20","4,84","5,27","5,40","5,81","5,61","5,35","6,49","8,01","7,60","7,60","6,44","5,45","3,62","3,49","3,61","3,05","2,60","1,80","1,24","-0,13","-0,23","-1,00","-0,41","0,45","1,45","2,50","2,73","2,90","3,23","4,03","4,21","3,85","4,03","4,27","3,87","3,32","2,45","1,43","1,69","1,75","1,71","1,46","1,94","2,53","2,85","2,94","3,27","3,43","3,36","3,16","2,14","1,90","1,77","2,34","1,77","1,41","1,53","1,66","1,96","2,42","2,89","3,10","3,28","3,58","3,93","3,45","3,51","4,02","4,01","4,31","4,90","3,99","3,67","3,10","3,65","2,65","0,71","1,63","1,88","1,06","2,46","0,69","2,19","2,47","2,18","2,31","1,87","2,30","2,94","1,42","0,96","0,36","-0,82","1,23","-0,76","-0,38","-0,17","0,17","0,27","0,90","2,13","2,88","3,27","3,97","3,77","3,27","2,97","2,68","2,56","2,58","2,97","3,17","3,22","3,91","4,85","6,87","6,39","7,26","7,48","8,07","8,36","10,63","8,47","8,04","7,71","7,48","6,74","6,77","7,75","7,01","6,30","5,34","4,63","2,31","3,23","4,73","4,97","3,45","4,04","2,25","2,02","4,17","4,86","4,20","5,35","6,77","7,08","4,62","6,23","8,35","8,56","6,78","5,61"
"254 Otros servicios culturales, diversiones y espectáculos deportivos",N/E,N/E,N/E,N/E,N/E,N/E,N/E,N/E,N/E,N/E,N/E,N/E,N/E,N/E,N/E,N/E,N/E,N/E,N/E,N/E,N/E,N/E,N/E,N/E,N/E,N/E,N/E,N/E,N/E,N/E,N/E,N/E,N/E,N/E,N/E,N/E,N/E,N/E,N/E,N/E,N/E,N/E,N/E,N/E,N/E,N/E,N/E,N/E,N/E,N/E,N/E,N/E,N/E,N/E,N/E,N/E,N/E,N/E,N/E,N/E,N/E,N/E,N/E,N/E,N/E,N/E,N/E,N/E,N/E,N/E,N/E,N/E,N/E,N/E,N/E,N/E,N/E,N/E,N/E,N/E,N/E,N/E,N/E,N/E,N/E,N/E,N/E,N/E,N/E,N/E,N/E,N/E,N/E,N/E,N/E,N/E,N/E,N/E,N/E,N/E,N/E,N/E,N/E,N/E,N/E,N/E,N/E,N/E,N/E,N/E,N/E,N/E,N/E,N/E,N/E,N/E,N/E,N/E,N/E,N/E,N/E,N/E,N/E,N/E,N/E,N/E,N/E,N/E,N/E,N/E,N/E,N/E,N/E,N/E,N/E,N/E,N/E,N/E,N/E,N/E,N/E,N/E,N/E,N/E,N/E,N/E,N/E,N/E,N/E,N/E,N/E,N/E,N/E,N/E,N/E,N/E,N/E,N/E,N/E,N/E,N/E,N/E,N/E,N/E,N/E,N/E,N/E,N/E,N/E,N/E,N/E,N/E,N/E,N/E,N/E,N/E,N/E,N/E,N/E,N/E,N/E,N/E,N/E,N/E,N/E,N/E,N/E,N/E,N/E,N/E,N/E,N/E,N/E,N/E,N/E,N/E,N/E,N/E,N/E,N/E,N/E,N/E,N/E,N/E,N/E,N/E,N/E,N/E,N/E,N/E,N/E,N/E,N/E,N/E,N/E,N/E,N/E,N/E,N/E,N/E,N/E,N/E,N/E,N/E,N/E,N/E,N/E,N/E,N/E,N/E,N/E,N/E,N/E,N/E,N/E,N/E,N/E,N/E,N/E,N/E,N/E,N/E,N/E,N/E,N/E,N/E,N/E,N/E,N/E,N/E,N/E,N/E,N/E,N/E,N/E,N/E,N/E,N/E,N/E,N/E,N/E,N/E,N/E,N/E,N/E,N/E,N/E,N/E,N/E,N/E,N/E,N/E,N/E,N/E,N/E,N/E,N/E,N/E,N/E,N/E,N/E,N/E,N/E,N/E,N/E,N/E,N/E,N/E,N/E,N/E,N/E,N/E,N/E,N/E,N/E,N/E,N/E,N/E,N/E,N/E,N/E,N/E,N/E,N/E,N/E,N/E,N/E,N/E,N/E,N/E,N/E,N/E,N/E,N/E,N/E,N/E,N/E,N/E,N/E,N/E,N/E,N/E,N/E,N/E,N/E,N/E,N/E,N/E,N/E,N/E,N/E,N/E,N/E,N/E,N/E,N/E,N/E,N/E,N/E,N/E,N/E,N/E,N/E,N/E,N/E,N/E,N/E,N/E,N/E,N/E,N/E,N/E,N/E,N/E,N/E,N/E,N/E,N/E,N/E,N/E,N/E,N/E,N/E,N/E,N/E,N/E,N/E,N/E,N/E,N/E,N/E,N/E,N/E,N/E,N/E,N/E,N/E,N/E,N/E,N/E,N/E,N/E,N/E,N/E,N/E,N/E,N/E,N/E,N/E,N/E,N/E,N/E,N/E,N/E,N/E,N/E,N/E,N/E,N/E,N/E,N/E,N/E,N/E,N/E,N/E,N/E,N/E,N/E,N/E,N/E,N/E,N/E,N/E,N/E,"6,84","7,42","7,99","7,52","6,99","6,97","5,93","4,34","4,41","2,93","2,16","2,18","2,13","2,02","1,43","1,39","1,57","2,00","1,88","1,71","1,72","2,20","2,18","2,49","3,64","3,99","3,90","3,66","3,89","3,42","3,48","3,61","4,23","4,25","3,62","4,26","3,28","3,55","3,96","4,42","4,39","4,53","4,79","4,67","3,10","3,14","3,65","2,90","2,92","2,01","1,23","1,06","1,15","1,05","0,88","1,19","2,35","2,46","2,64","2,73","2,91","4,16","4,81","5,11","4,81","5,63","5,47","6,00","5,64","5,81","5,79","5,83","5,75","4,79","5,07","4,83","4,92","4,71","6,11","5,76","5,66","5,38","6,27","6,00","5,66","5,99","5,96","6,23","6,33","5,78","3,63","3,19","3,35","3,22","2,37","2,36","2,53","2,11","1,50","1,09","0,97","1,15","2,93","3,51","3,64","3,36","3,18","3,37","3,39","3,86","4,21","4,17","4,09","3,99","3,13","2,53","3,04","3,45","3,93","4,14","4,40","4,04","3,87","3,89","4,36","4,19","4,92","4,87","4,13","3,89","3,07","2,84","2,67","2,92","3,23","3,75","3,58","3,92","3,51","3,24","3,79","4,01","4,49","4,42","4,22","4,19","3,91","3,56","2,94","2,94","3,11","3,68","3,49","3,60","3,37","3,41","4,05","3,49","4,03","3,87","4,39","3,81","3,61","4,60","4,63","4,98","5,28","4,94","4,62","5,37","5,36","5,45","5,53","5,88","6,37","5,71","5,24","4,57","4,91","5,40","5,31","5,41","4,79","4,73","4,79","4,68","4,47","4,74","5,40","5,66","5,02","5,06","5,02","4,98","5,08","5,10","4,55","5,07","4,45","3,78","3,50","3,11","3,09","2,45","1,70","1,42","0,07","-1,50","-0,91","-1,06","-1,33","-1,65","-2,30","-0,84","0,26","1,07","1,96","2,11","3,92","5,60","5,77","5,86","6,71","7,83"
255 Servicio de televisión de paga,N/E,N/E,N/E,N/E,N/E,N/E,N/E,N/E,N/E,N/E,N/E,N/E,N/E,N/E,N/E,N/E,N/E,N/E,N/E,N/E,N/E,N/E,N/E,N/E,N/E,N/E,N/E,N/E,N/E,N/E,N/E,N/E,N/E,N/E,N/E,N/E,N/E,N/E,N/E,N/E,N/E,N/E,N/E,N/E,N/E,N/E,N/E,N/E,N/E,N/E,N/E,N/E,N/E,N/E,N/E,N/E,N/E,N/E,N/E,N/E,N/E,N/E,N/E,N/E,N/E,N/E,N/E,N/E,N/E,N/E,N/E,N/E,N/E,N/E,N/E,N/E,N/E,N/E,N/E,N/E,N/E,N/E,N/E,N/E,N/E,N/E,N/E,N/E,N/E,N/E,N/E,N/E,N/E,N/E,N/E,N/E,N/E,N/E,N/E,N/E,N/E,N/E,N/E,N/E,N/E,N/E,N/E,N/E,N/E,N/E,N/E,N/E,N/E,N/E,N/E,N/E,N/E,N/E,N/E,N/E,N/E,N/E,N/E,N/E,N/E,N/E,N/E,N/E,N/E,N/E,N/E,N/E,N/E,N/E,N/E,N/E,N/E,N/E,N/E,N/E,N/E,N/E,N/E,N/E,N/E,N/E,N/E,N/E,N/E,N/E,N/E,N/E,N/E,N/E,N/E,N/E,N/E,N/E,N/E,N/E,N/E,N/E,N/E,N/E,N/E,N/E,N/E,N/E,N/E,N/E,N/E,N/E,N/E,N/E,N/E,N/E,N/E,N/E,N/E,N/E,N/E,N/E,N/E,N/E,N/E,N/E,N/E,N/E,N/E,N/E,N/E,N/E,N/E,N/E,N/E,N/E,N/E,N/E,N/E,N/E,N/E,N/E,N/E,N/E,N/E,N/E,N/E,N/E,N/E,N/E,N/E,N/E,N/E,N/E,N/E,N/E,N/E,N/E,N/E,N/E,N/E,N/E,N/E,N/E,N/E,N/E,N/E,N/E,N/E,N/E,N/E,N/E,N/E,N/E,N/E,N/E,N/E,N/E,N/E,N/E,N/E,N/E,N/E,N/E,N/E,N/E,N/E,N/E,N/E,N/E,N/E,N/E,N/E,N/E,N/E,N/E,N/E,N/E,N/E,N/E,N/E,N/E,N/E,N/E,N/E,N/E,N/E,N/E,N/E,N/E,N/E,N/E,N/E,N/E,N/E,N/E,N/E,N/E,N/E,N/E,N/E,N/E,N/E,N/E,N/E,N/E,N/E,N/E,N/E,N/E,N/E,N/E,N/E,N/E,N/E,N/E,N/E,N/E,N/E,N/E,N/E,N/E,N/E,N/E,N/E,N/E,N/E,N/E,N/E,N/E,N/E,N/E,N/E,N/E,N/E,N/E,N/E,N/E,N/E,N/E,N/E,N/E,N/E,N/E,N/E,N/E,N/E,N/E,N/E,N/E,N/E,N/E,N/E,N/E,N/E,N/E,N/E,N/E,N/E,N/E,N/E,N/E,N/E,N/E,N/E,N/E,N/E,N/E,N/E,N/E,N/E,N/E,N/E,N/E,N/E,N/E,N/E,N/E,N/E,N/E,N/E,N/E,N/E,N/E,N/E,N/E,N/E,N/E,N/E,N/E,N/E,N/E,N/E,N/E,N/E,N/E,N/E,N/E,N/E,N/E,N/E,N/E,N/E,N/E,N/E,N/E,N/E,N/E,N/E,N/E,N/E,N/E,N/E,N/E,N/E,N/E,N/E,N/E,N/E,N/E,N/E,N/E,N/E,N/E,N/E,N/E,N/E,N/E,N/E,N/E,N/E,N/E,N/E,N/E,"3,76","3,39","3,81","3,30","3,38","3,23","1,53","1,46","1,36","1,05","1,01","1,03","1,22","1,02","0,92","0,83","0,90","1,12","1,43","1,22","1,80","2,32","2,24","2,35","2,21","2,67","2,92","3,02","3,14","2,96","3,06","3,03","2,68","2,54","2,59","2,57","2,68","2,55","2,41","2,23","1,81","1,78","1,39","1,56","1,48","1,50","1,44","1,49","1,66","1,54","1,45","1,55","1,63","1,48","1,86","2,10","2,25","2,24","2,27","2,29","2,29","2,42","2,49","2,48","2,72","2,94","2,77","2,42","2,34","2,36","2,20","1,94","1,84","1,77","1,86","1,88","1,83","1,96","4,01","4,41","4,35","4,16","4,14","4,12","4,08","4,10","3,98","3,89","3,55","3,21","0,99","0,58","0,36","-0,65","-0,67","-0,65","-0,60","-0,62","-0,59","-0,63","-0,50","-0,45","-0,45","-0,56","-0,44","0,51","0,43","0,45","0,44","0,45","0,47","0,61","0,53","0,50","0,39","0,50","1,19","1,36","1,91","2,08","2,07","2,03","1,99","1,91","1,82","1,84","2,29","2,15","1,43","1,24","0,62","0,39","0,37","0,37","0,48","0,63","0,77","0,76","0,39","0,38","0,18","0,28","0,54","0,59","0,54","0,64","0,65","0,87","0,92","1,07","1,04","1,25","3,48","3,64","3,59","3,60","3,68","3,64","3,52","3,20","3,18","3,16","6,63","6,96","4,94","4,70","4,85","4,47","4,65","4,63","4,77","5,07","4,51","4,42","2,52","2,26","2,29","2,27","1,96","3,28","3,98","4,71","4,75","4,53","5,14","4,99","3,42","3,16","3,24","3,28","3,60","2,52","2,24","1,63","2,05","2,04","1,99","2,13","2,08","2,09","1,98","2,09","2,00","2,49","1,94","1,83","1,99","2,11","2,29","2,40","5,29","5,53","5,56","5,62","5,54","4,97","4,88","4,66","4,07","3,73","3,76","3,59","0,75","0,49"
256 Libros de texto,N/E,N/E,N/E,N/E,N/E,N/E,N/E,N/E,N/E,N/E,N/E,N/E,"2,00","4,43","1,95","1,97","2,23","2,69","2,68","2,73","2,41","2,16","1,45","1,36","1,66","-0,57","1,80","1,79","1,64","1,25","1,28","1,29","1,54","1,44","2,28","2,29","2,16","2,18","2,11","1,90","1,79","1,94","1,91","1,91","3,61","3,70","3,12","3,09","2,85","3,70","3,49","4,22","4,35","4,32","4,55","10,10","10,37","10,91","10,91","10,95","12,92","13,33","13,56","13,55","15,38","15,41","15,39","12,05","13,79","15,82","16,43","16,62","15,90","15,84","16,22","15,67","15,16","16,26","17,23","17,63","17,11","16,95","18,63","18,77","18,03","19,03","18,68","18,98","17,62","17,58","16,42","15,08","22,97","25,76","28,82","28,89","30,01","27,58","27,85","27,94","27,83","28,26","30,21","31,32","26,33","22,07","17,94","17,74","16,39","16,99","17,44","16,81","19,85","18,81","18,10","17,63","12,08","12,04","11,73","11,97","12,05","12,40","11,69","12,60","12,14","12,63","11,71","11,41","13,48","14,14","14,63","15,15","15,77","18,26","21,36","21,98","21,05","20,27","22,21","22,38","29,36","29,56","28,42","27,56","27,71","25,15","25,13","24,32","25,12","25,85","24,98","26,02","24,52","26,68","28,18","28,83","28,57","32,41","32,65","33,32","38,39","45,88","46,53","57,15","85,50","83,75","83,95","86,56","101,57","110,84","109,90","119,45","116,33","131,32","151,86","139,87","93,48","95,44","93,47","91,42","78,04","71,87","71,69","63,43","57,36","48,08","45,35","48,52","48,80","50,33","50,73","49,47","50,33","47,19","46,08","51,64","64,15","60,31","63,24","66,91","71,31","68,03","68,60","70,94","71,72","71,57","76,08","77,91","73,28","72,73","74,85","71,10","69,79","74,66","79,96","81,35","85,16","106,08","111,57","117,32","115,61","131,73","165,20","166,79","171,40","170,73","188,27","199,68","231,88","215,30","264,67","282,36","275,45","243,26","174,55","162,87","145,44","131,70","109,37","96,76","70,67","57,28","27,18","11,99","8,70","6,35","4,12","1,95","2,72","3,39","3,06","3,22","3,13","3,31","4,49","4,76","5,86","8,03","13,46","19,27","23,31","23,38","23,68","24,35","26,58","28,71","29,69","31,37","30,88","30,32","26,24","25,37","26,83","28,39","28,33","28,32","27,24","25,82","23,63","23,23","25,42","24,54","24,32","19,64","19,02","20,28","21,56","21,75","21,76","23,25","23,61","23,81","21,25","20,40","18,54","17,39","15,60","13,61","13,13","12,74","11,99","10,76","10,72","9,56","9,37","9,71","10,36","11,13","9,82","9,46","8,74","8,41","10,11","15,82","19,18","23,50","37,08","46,78","51,91","57,91","60,33","61,52","62,93","64,29","62,14","56,39","54,52","50,07","37,08","30,79","27,34","24,70","23,79","23,11","22,29","21,48","21,08","19,46","18,91","18,41","16,81","14,95","15,89","15,45","14,36","14,31","14,32","14,35","15,29","17,25","17,28","17,11","17,82","17,78","16,35","16,27","16,23","17,32","17,64","18,17","18,46","17,22","16,58","17,29","17,65","18,17","17,87","17,43","17,24","16,04","15,73","14,87","14,50","14,01","13,50","12,60","11,35","10,20","9,88","9,77","10,05","10,02","10,72","11,00","10,56","11,61","11,25","10,92","11,22","12,75","12,88","11,79","10,98","10,80","9,75","9,35","8,70","7,54","8,05","8,08","7,71","6,01","5,67","5,61","4,95","4,62","4,63","4,64","4,70","3,58","4,00","4,07","4,63","5,12","5,18","5,17","5,13","5,17","5,09","5,19","5,12","5,13","4,25","4,76","4,57","4,04","4,14","4,14","4,32","4,22","4,26","4,23","4,23","4,53","4,58","4,44","4,31","4,51","4,18","4,19","4,36","4,76","4,92","4,79","4,91","4,62","4,45","4,00","3,74","3,74","4,40","4,15","3,75","3,59","3,50","3,62","3,48","3,54","3,72","3,82","4,37","4,37","4,21","4,33","4,39","4,40","4,37","4,36","4,33","4,79","4,68","4,75","4,08","4,02","3,76","3,52","3,72","3,57","3,54","3,85","4,26","4,12","4,34","5,10","5,48","5,66","5,91","5,78","5,72","5,86","5,93","5,63","5,60","5,25","5,02","4,23","3,93","3,78","3,63","3,81","3,59","3,61","3,56","3,51","3,37","3,53","3,68","3,67","3,84","3,87","3,86","4,00","4,12","3,94","4,03","4,18","4,07","3,84","3,70","3,76","3,90","3,91","4,01","3,95","3,95","3,93","3,85","3,73","3,80","3,82","3,78","3,85","3,78","3,53","3,26","3,07","3,60","3,65","3,86","3,92","3,94","4,00","3,99","3,70","3,58","3,82","3,78","3,48","2,95","2,97","2,46","2,54","2,44","2,25","2,33","2,45","2,32","2,09","1,97","2,68","2,67","2,61","2,53","2,73","2,91","3,12","3,21","3,27","3,55","3,70","4,34","3,94","3,68","3,71","4,31","4,01","4,52","4,82","4,98","5,05","4,96","5,10","4,86","4,83","5,33","5,72","5,60","5,75","5,73","6,21","6,25","6,29","6,28","6,18","6,00","6,44","6,03","5,59","5,37","5,27","4,93","4,49","4,61","4,49","4,43","4,32","4,08","3,50","3,55","3,63","3,75","3,65","3,67","3,79","3,24","3,02","2,77","3,01","3,60","3,69","3,58","3,39","3,31","3,39","3,59","3,47","3,95","4,25","4,48","4,38","3,89","3,74","3,95","3,94","3,90","3,90","4,34","4,57"
257 Otros libros,N/E,N/E,N/E,N/E,N/E,N/E,N/E,N/E,N/E,N/E,N/E,N/E,"2,00","4,43","1,95","1,97","2,23","2,69","2,69","2,72","2,42","2,16","1,46","1,37","1,66","-0,58","1,80","1,78","1,64","1,26","1,27","1,30","1,53","1,44","2,28","2,28","2,15","2,18","2,10","1,89","1,78","1,92","1,90","1,90","3,62","3,69","3,12","3,09","2,86","3,71","3,50","4,23","4,36","4,33","4,55","10,11","10,38","10,92","10,92","10,95","12,92","13,34","13,56","13,53","15,39","15,42","15,39","12,04","13,79","15,82","16,42","16,62","15,90","15,84","16,23","15,69","15,16","16,25","17,23","17,64","17,10","16,96","18,62","18,77","18,03","19,03","18,68","18,97","17,62","17,57","16,42","15,07","22,97","25,75","28,83","28,89","30,01","27,59","27,84","27,94","27,83","28,27","30,22","31,32","26,33","22,07","17,94","17,74","16,39","16,98","17,44","16,81","19,85","18,81","18,10","17,63","12,08","12,04","11,73","11,97","12,05","12,40","11,69","12,60","12,14","12,63","11,71","11,41","13,48","14,14","14,63","15,15","15,78","18,26","21,37","21,98","21,05","20,27","22,21","22,38","29,35","29,55","28,42","27,56","27,70","25,16","25,13","24,32","25,12","25,84","24,98","26,03","24,52","26,68","28,18","28,83","28,41","34,43","35,84","39,06","43,86","49,47","51,80","55,13","49,77","53,90","57,57","71,91","80,14","80,06","80,77","82,12","79,38","79,26","86,81","87,10","87,15","85,58","82,11","68,60","76,84","91,67","91,76","89,81","85,27","92,68","100,61","100,22","94,18","91,26","99,04","94,95","78,34","65,07","68,11","70,69","72,22","63,87","53,03","55,77","56,03","52,10","49,27","58,54","67,84","64,88","59,85","59,02","65,74","64,44","66,33","60,78","64,13","76,07","90,99","86,80","95,92","120,66","121,27","138,45","152,46","162,27","174,17","217,79","215,49","216,79","209,79","209,50","230,59","204,24","216,32","198,28","170,07","156,80","137,57","99,75","92,98","73,60","58,70","53,01","27,70","18,66","10,89","5,24","2,88","1,44","0,03","0,22","1,52","4,43","3,23","5,19","6,02","7,54","9,02","11,24","11,59","14,56","15,01","15,79","15,38","15,31","19,96","18,69","18,31","17,34","18,43","21,02","22,67","23,96","23,45","22,59","23,15","23,01","22,18","23,55","23,84","23,13","20,26","16,05","16,19","13,01","15,36","16,34","19,25","19,54","17,08","16,15","19,22","19,57","20,78","21,32","19,37","19,02","17,55","16,50","17,27","16,46","16,87","17,59","13,88","13,06","12,26","11,47","11,38","11,35","10,49","10,23","6,10","5,76","4,44","2,98","6,88","12,54","16,02","22,05","30,82","39,42","43,54","47,91","49,73","50,80","51,86","54,44","51,75","48,92","47,72","43,86","36,30","28,82","25,91","23,17","24,27","24,62","24,76","23,89","22,62","19,46","17,83","15,85","14,95","14,94","15,66","17,11","16,69","16,19","15,59","15,19","14,65","18,85","18,44","18,62","20,34","20,13","18,90","20,15","19,52","20,48","20,33","19,91","19,83","17,13","17,17","16,65","15,18","15,32","16,85","13,71","13,97","12,80","12,70","12,86","14,53","15,42","14,79","14,51","14,17","14,19","12,61","15,77","14,37","14,45","15,21","15,37","13,53","10,90","11,09","10,86","10,67","11,13","11,87","9,33","9,13","9,18","8,84","8,57","8,41","8,59","8,81","8,78","8,32","6,50","5,19","4,26","3,56","3,02","2,18","1,84","1,58","1,15","0,84","0,95","1,11","1,22","1,81","1,52","2,12","2,19","2,55","2,63","2,49","2,48","2,02","2,53","1,47","0,75","0,49","0,74","0,35","1,03","0,50","0,26","0,90","1,70","1,13","0,13","0,87","1,71","1,61","2,55","2,47","1,78","2,15","2,36","2,26","1,84","1,89","2,39","2,25","1,78","1,58","1,08","1,93","2,10","2,02","2,04","2,22","2,09","3,49","3,10","3,48","3,95","4,51","3,93","3,64","3,29","2,88","2,92","2,12","2,82","2,02","1,47","1,08","1,07","0,71","1,11","1,67","1,79","2,55","2,50","2,95","1,22","1,50","3,10","4,09","4,51","5,32","5,30","5,00","5,30","5,35","6,14","6,86","7,71","7,29","6,70","5,84","5,24","4,62","4,33","4,42","4,36","4,16","3,35","2,67","2,53","2,59","2,42","2,69","2,65","0,64","0,66","0,61","1,42","1,83","1,82","1,67","1,92","2,09","1,37","1,27","1,50","3,38","3,53","3,32","2,31","1,52","0,93","0,80","0,68","0,97","1,64","1,87","1,54","1,57","1,45","2,27","2,18","2,59","3,28","3,33","2,93","3,02","2,59","1,41","2,34","2,22","2,45","1,90","2,17","1,85","1,95","1,76","1,99","1,79","2,09","2,64","2,44","3,08","2,60","2,56","1,88","2,42","2,10","2,52","2,60","2,64","2,43","2,64","2,11","2,07","2,75","2,70","3,08","2,55","3,13","3,56","4,31","4,45","5,01","5,44","5,29","5,54","5,93","5,62","5,77","5,76","4,48","4,74","4,60","4,21","3,59","3,93","4,19","3,45","2,88","3,02","2,92","3,16","4,04","3,13","2,79","3,17","3,49","2,79","2,89","3,15","2,97","2,85","2,96","2,90","2,99","3,28","3,64","3,84","4,31","4,63","5,18","5,30","4,67","5,10","5,04","4,97","5,24","6,01","5,45","5,86","5,98","5,98","5,53","4,68","4,80","4,56","5,02","5,53","5,18","4,95","5,93"
258 Periódicos,N/E,N/E,N/E,N/E,N/E,N/E,N/E,N/E,N/E,N/E,N/E,N/E,"18,24","18,66","24,03","24,03","24,03","22,86","20,94","21,15","21,15","21,63","21,17","21,08","4,26","2,52","-1,29","-1,29","-0,72","0,23","0,31","0,13","0,46","0,46","1,07","0,82","2,06","3,43","2,77","2,77","2,18","2,66","3,23","3,23","2,90","2,90","2,27","2,27","1,03","1,03","1,03","1,03","1,10","0,63","1,30","1,30","1,30","52,16","55,33","55,33","57,89","58,55","58,55","58,20","58,08","58,08","75,94","77,40","77,40","18,86","17,26","17,26","15,72","15,23","15,36","15,62","16,59","16,59","4,86","3,99","3,99","3,31","2,58","2,58","3,03","3,03","3,39","3,39","2,54","2,54","1,21","1,21","2,51","47,40","51,47","52,43","52,71","52,71","52,00","52,22","52,21","52,82","66,19","67,52","65,60","15,19","14,23","13,50","12,45","27,53","28,02","29,61","30,86","30,33","19,85","18,90","18,75","18,75","17,78","17,78","22,04","7,96","7,54","6,87","34,72","40,39","40,48","40,48","41,61","42,01","41,71","41,71","37,03","37,31","37,31","36,43","7,78","4,84","5,29","5,32","4,92","7,62","6,79","6,87","9,35","11,84","11,99","13,99","13,81","12,81","38,05","50,70","51,41","47,72","47,60","47,48","45,87","43,19","57,65","76,78","132,24","133,76","90,90","77,15","77,59","77,33","82,72","95,99","142,33","185,69","161,68","130,30","74,69","73,15","74,56","74,24","72,52","74,94","115,26","101,96","68,47","43,51","43,89","44,01","45,45","46,09","47,75","47,58","49,49","47,26","48,37","48,27","47,26","48,32","47,31","48,40","47,92","47,91","47,04","47,50","48,14","50,55","48,41","52,55","47,91","47,27","91,63","119,37","118,92","122,91","182,00","225,46","236,42","235,20","168,57","168,62","173,77","177,36","171,47","153,29","155,86","156,35","106,19","80,26","71,82","71,29","135,03","134,10","141,10","165,20","136,14","127,66","125,65","120,51","113,17","108,52","107,91","106,04","49,10","44,84","38,07","23,06","8,89","4,90","4,67","5,13","5,88","7,63","8,08","9,04","9,05","10,67","10,78","9,81","9,18","24,14","43,23","42,06","42,52","40,39","40,14","39,53","39,70","38,71","39,30","48,47","58,17","39,38","20,72","21,68","21,41","21,22","21,58","21,67","22,20","21,92","21,22","13,87","6,64","5,86","6,23","6,00","5,53","6,09","6,11","16,37","26,43","27,47","27,20","27,60","27,87","27,98","27,47","27,17","26,55","26,14","25,54","14,39","4,58","3,13","5,42","8,38","9,29","9,43","9,27","9,26","9,30","9,25","9,52","11,51","13,25","13,75","31,56","39,76","50,58","57,26","58,71","66,75","69,35","74,99","78,77","80,30","79,20","79,46","54,33","43,33","32,95","27,45","26,47","20,42","19,14","16,11","13,26","9,92","9,29","9,08","7,02","5,05","4,29","4,55","6,82","10,98","12,09","11,55","13,52","13,70","13,50","13,36","13,75","14,99","15,82","15,59","13,72","9,75","9,20","9,80","8,18","12,16","13,14","14,13","14,65","15,59","15,99","15,73","15,11","15,32","14,35","13,40","13,31","9,24","8,38","7,59","7,44","5,56","4,14","5,86","5,80","5,00","5,36","5,60","5,38","5,10","5,21","5,02","5,00","5,45","8,37","7,32","7,26","7,48","7,40","9,18","11,69","11,65","11,37","11,20","11,10","10,81","8,19","7,55","8,14","8,45","8,22","6,22","3,79","3,78","4,21","4,24","3,79","3,93","3,47","3,25","2,65","2,29","2,07","2,06","2,14","2,46","2,13","3,71","3,86","3,79","4,71","5,13","5,08","7,00","8,33","10,36","11,16","11,32","10,49","9,46","11,64","11,93","11,09","10,88","11,20","9,37","8,27","6,38","5,62","5,46","6,10","5,48","3,93","3,48","3,54","3,55","3,95","4,01","3,86","3,85","4,02","3,69","3,55","3,40","2,34","2,14","2,55","2,37","1,26","0,90","0,85","0,71","0,44","0,49","0,65","0,64","0,93","0,83","0,46","0,32","1,71","2,67","2,71","2,96","3,41","3,75","9,65","10,48","10,53","11,42","11,52","11,75","10,73","9,79","9,67","9,44","9,03","8,80","2,85","2,24","2,43","1,70","1,72","1,80","1,90","1,79","1,82","2,03","2,05","1,91","1,88","1,75","1,30","1,42","1,11","0,86","0,76","0,81","0,84","1,19","1,29","1,63","1,86","2,02","2,09","1,96","2,11","2,12","2,02","2,11","2,23","1,65","1,61","1,43","1,56","1,39","1,44","1,56","1,53","1,51","1,52","1,40","1,23","1,19","1,25","1,02","0,47","0,67","0,89","0,93","1,01","1,24","1,29","1,52","1,50","1,51","1,32","1,35","1,50","1,30","1,34","1,35","1,87","1,80","1,79","1,62","1,67","2,21","2,38","2,57","2,57","2,44","2,35","2,48","1,98","1,75","1,72","1,68","1,64","1,13","1,01","0,83","0,83","1,00","1,29","1,54","1,61","1,84","2,44","3,90","4,68","4,70","4,93","5,35","7,85","8,29","8,12","9,08","9,18","9,77","9,21","8,21","7,42","7,86","8,16","7,77","5,42","4,95","4,73","3,28","3,10","2,62","2,72","2,24","2,21","1,87","1,46","1,84","1,80","1,83","1,56","1,51","1,66","1,54","1,46","1,38","1,69","1,70","2,74","2,21","2,21","2,32","3,33","4,29","4,01","3,87","3,87","4,01","3,79","3,70","2,98","3,11","2,98","2,91","2,93","3,13"
259 Revistas,N/E,N/E,N/E,N/E,N/E,N/E,N/E,N/E,N/E,N/E,N/E,N/E,"11,08","11,08","3,05","2,18","4,90","4,37","4,13","4,13","4,20","4,52","4,52","5,65","4,88","4,88","4,85","4,85","2,84","1,86","1,39","1,39","1,39","1,08","1,08","1,84","2,23","3,05","3,05","3,05","3,05","3,05","3,36","3,36","3,36","3,36","3,36","1,49","1,23","0,42","1,20","2,41","2,41","2,41","2,11","10,70","10,70","11,98","28,08","28,08","31,66","37,12","36,07","34,46","35,94","35,94","40,62","30,43","31,34","34,43","18,67","20,27","18,37","13,65","15,84","15,84","15,62","15,62","11,77","11,15","10,38","6,59","5,57","4,16","5,52","7,82","7,60","7,98","9,41","10,78","10,78","10,99","10,99","17,63","48,17","60,30","57,10","54,98","52,82","52,28","48,94","47,10","47,10","47,44","48,49","40,14","11,25","2,84","2,25","1,78","1,48","1,86","1,86","1,86","1,86","3,82","4,59","6,06","12,95","12,95","13,92","14,64","14,95","16,56","17,94","23,93","27,30","25,98","25,84","29,06","21,71","22,62","21,86","23,17","27,06","28,84","30,03","24,27","22,77","21,43","25,60","20,81","24,01","23,09","26,41","25,25","25,16","27,52","26,02","25,50","28,64","34,38","30,02","32,51","31,08","33,03","30,47","33,46","35,30","41,03","63,21","67,09","63,51","60,73","88,88","94,83","92,69","111,26","138,81","163,30","156,72","135,88","103,16","99,14","99,41","109,09","79,99","72,79","72,65","55,89","40,89","32,95","31,69","32,23","33,88","45,80","49,11","40,07","37,04","41,10","45,33","46,91","60,62","54,79","56,23","55,78","57,11","49,27","45,91","54,22","56,37","61,75","70,06","72,15","61,26","64,90","80,85","87,69","88,42","97,89","112,23","111,16","114,51","115,86","101,92","131,77","151,90","150,48","131,03","138,36","144,46","134,61","142,27","140,75","139,84","151,33","168,70","150,30","156,46","166,82","171,73","161,91","156,13","153,71","130,10","117,67","107,80","82,04","66,26","51,49","29,63","18,59","13,00","8,89","6,73","3,01","0,88","0,82","2,74","4,42","4,84","5,08","5,73","6,90","6,65","14,42","31,89","41,01","39,49","39,57","40,16","39,62","39,94","42,49","40,81","42,18","45,77","35,82","16,64","9,20","10,14","10,10","10,10","11,22","12,79","13,78","16,34","15,87","14,18","14,11","16,79","15,24","16,45","24,09","29,32","28,47","28,05","27,98","26,93","23,96","22,93","22,97","21,89","21,84","26,21","18,67","14,12","13,70","14,93","14,78","14,93","15,43","16,03","17,17","15,50","17,55","12,41","12,28","16,63","19,82","17,31","14,91","22,33","37,04","44,14","52,67","61,42","66,48","67,16","67,78","62,02","60,85","61,66","61,99","52,85","38,65","32,18","23,90","23,51","23,58","25,52","26,51","26,92","23,87","22,96","21,80","19,81","17,86","16,88","16,40","10,27","6,53","4,52","3,06","1,53","1,82","1,84","1,90","3,34","3,86","5,39","5,43","5,55","5,75","6,57","6,57","6,71","8,38","15,88","19,86","20,98","22,92","22,39","23,23","23,16","24,67","24,07","24,12","24,01","22,12","14,77","11,62","10,09","9,33","8,11","7,32","7,06","6,09","6,41","6,36","6,38","6,04","9,09","11,58","10,97","11,08","12,72","13,47","14,29","13,65","12,98","13,07","13,05","13,06","9,49","6,41","6,22","4,53","2,92","2,19","1,50","1,57","1,67","1,82","2,83","3,04","2,99","4,88","6,70","8,56","8,76","9,28","9,36","9,12","8,99","9,45","8,48","8,32","8,44","8,88","6,38","4,71","4,49","3,98","3,87","3,93","3,74","3,96","4,09","4,03","3,80","1,52","1,51","1,41","1,46","1,50","1,82","2,17","2,91","2,16","2,35","2,38","2,27","2,39","3,63","4,49","4,86","5,41","6,08","5,77","5,10","5,00","4,55","4,57","4,66","3,93","2,92","2,72","2,33","1,81","0,90","0,88","0,88","0,88","0,90","0,88","1,06","1,50","1,25","0,73","0,77","0,72","1,21","1,63","1,67","1,64","2,38","2,67","3,31","5,39","6,51","7,29","8,15","8,68","8,33","7,88","7,99","8,11","7,35","7,15","6,36","4,73","3,66","3,00","2,32","1,93","1,97","1,99","1,80","1,73","1,74","1,53","1,42","0,98","1,00","0,76","0,67","0,82","0,85","0,88","0,89","0,94","2,46","2,95","3,01","3,13","3,54","4,19","4,42","4,19","4,05","4,38","4,98","5,39","4,27","4,51","4,95","4,92","5,18","5,02","5,21","5,68","5,79","5,70","5,28","4,88","4,42","4,20","3,78","3,86","3,45","3,37","2,98","2,58","2,32","2,08","2,11","2,16","2,16","1,70","1,80","1,70","1,75","1,88","2,47","2,55","2,56","2,54","2,32","3,21","4,53","5,02","5,26","7,04","8,31","8,71","8,24","9,57","11,79","12,66","12,91","11,77","10,53","10,06","9,48","7,42","6,18","5,34","5,14","4,32","2,77","2,76","2,99","3,20","3,34","3,52","3,77","4,13","4,43","4,80","4,78","4,35","4,03","3,64","3,18","2,79","2,70","2,64","2,72","2,48","2,04","3,18","3,40","3,63","3,94","3,76","3,81","4,30","5,71","6,71","7,02","7,19","7,19","5,62","5,42","5,05","4,49","4,16","4,17","3,98","2,69","1,95","1,52","2,38","3,54","4,28","4,53","5,44","5,58","6,05","6,49","6,64","6,59","6,39","6,45","7,55","8,68","9,27"
260 Material escolar,N/E,N/E,N/E,N/E,N/E,N/E,N/E,N/E,N/E,N/E,N/E,N/E,N/E,N/E,N/E,N/E,N/E,N/E,N/E,N/E,N/E,N/E,N/E,N/E,N/E,N/E,N/E,N/E,N/E,N/E,N/E,N/E,N/E,N/E,N/E,N/E,N/E,N/E,N/E,N/E,N/E,N/E,N/E,N/E,N/E,N/E,N/E,N/E,N/E,N/E,N/E,N/E,N/E,N/E,N/E,N/E,N/E,N/E,N/E,N/E,N/E,N/E,N/E,N/E,N/E,N/E,N/E,N/E,N/E,N/E,N/E,N/E,N/E,N/E,N/E,N/E,N/E,N/E,N/E,N/E,N/E,N/E,N/E,N/E,N/E,N/E,N/E,N/E,N/E,N/E,N/E,N/E,N/E,N/E,N/E,N/E,N/E,N/E,N/E,N/E,N/E,N/E,N/E,N/E,N/E,N/E,N/E,N/E,N/E,N/E,N/E,N/E,N/E,N/E,N/E,N/E,N/E,N/E,N/E,N/E,N/E,N/E,N/E,N/E,N/E,N/E,N/E,N/E,N/E,N/E,N/E,N/E,N/E,N/E,N/E,N/E,N/E,N/E,N/E,N/E,N/E,N/E,N/E,N/E,N/E,N/E,N/E,N/E,N/E,N/E,N/E,N/E,N/E,N/E,N/E,N/E,N/E,N/E,N/E,N/E,N/E,N/E,N/E,N/E,N/E,N/E,N/E,N/E,N/E,N/E,N/E,N/E,N/E,N/E,N/E,N/E,N/E,N/E,N/E,N/E,N/E,N/E,N/E,N/E,N/E,N/E,N/E,N/E,N/E,N/E,N/E,N/E,N/E,N/E,N/E,N/E,N/E,N/E,N/E,N/E,N/E,N/E,N/E,N/E,N/E,N/E,N/E,N/E,N/E,N/E,N/E,N/E,N/E,N/E,N/E,N/E,N/E,N/E,N/E,N/E,N/E,N/E,N/E,N/E,N/E,N/E,N/E,N/E,N/E,N/E,N/E,N/E,N/E,N/E,N/E,N/E,N/E,N/E,N/E,N/E,N/E,N/E,N/E,N/E,N/E,N/E,N/E,N/E,N/E,N/E,N/E,N/E,N/E,N/E,N/E,N/E,N/E,N/E,N/E,N/E,N/E,N/E,N/E,N/E,N/E,N/E,N/E,N/E,N/E,N/E,N/E,N/E,N/E,N/E,N/E,N/E,N/E,N/E,N/E,N/E,N/E,N/E,N/E,N/E,N/E,N/E,N/E,N/E,N/E,N/E,N/E,N/E,N/E,N/E,N/E,N/E,N/E,N/E,N/E,N/E,N/E,N/E,N/E,N/E,N/E,N/E,N/E,N/E,N/E,N/E,N/E,N/E,N/E,N/E,N/E,N/E,N/E,N/E,N/E,N/E,N/E,N/E,N/E,N/E,"113,79","105,12","97,48","76,06","59,98","53,34","45,13","41,12","37,62","34,70","30,77","25,97","22,12","20,47","18,35","15,28","14,03","12,55","11,18","7,65","5,04","5,74","6,69","6,81","6,87","6,87","6,46","7,78","8,26","8,65","8,16","10,57","12,05","10,54","10,09","9,99","9,85","9,86","10,20","10,14","9,69","8,84","9,30","8,60","7,70","7,53","7,07","7,04","7,00","6,96","6,41","5,91","6,19","5,89","6,17","6,10","7,25","7,68","7,31","7,38","7,08","7,92","8,13","8,64","7,30","7,25","7,21","6,72","4,90","4,58","4,40","3,71","3,33","3,65","3,59","2,48","2,30","1,64","1,09","0,32","0,62","0,32","0,57","0,64","-0,08","-1,43","-1,46","0,69","1,03","1,50","1,50","1,13","1,95","2,51","2,69","2,71","3,21","2,01","1,15","-1,10","-1,27","-1,38","-1,60","-1,56","-1,67","-1,97","-2,66","-2,41","-2,39","-1,32","-0,91","-0,72","-0,14","0,93","1,72","2,20","2,21","2,59","3,68","3,18","2,93","2,49","2,92","3,11","2,52","2,11","3,00","3,80","3,88","3,74","3,60","3,61","4,33","4,71","4,76","5,78","6,54","6,48","5,26","5,15","4,85","4,61","4,14","4,42","4,76","4,72","5,07","4,25","4,08","3,56","4,51","5,31","5,79","5,66","5,66","6,05","5,96","6,08","5,79","6,20","6,81","7,90","7,83","6,69","6,79","7,29","7,60","6,80","6,73","6,47","6,25","6,25","6,92","7,51","6,77","6,30","7,42","8,00","7,66","8,12","7,66","7,30","7,17","6,48","4,08","2,50","2,42","2,75","1,80","0,93","-0,11","-0,09","1,22","1,57","1,67","1,93","2,78","3,44","2,76","2,52","2,82","3,12","4,79","4,67","3,59","3,45","3,20","3,71","4,37","4,06","4,73","5,09","4,81","5,04","4,35","4,19","4,31","4,42","4,66","4,41","4,04","3,77","2,95","3,64","3,25","2,66","3,37","3,73","3,22","3,06","3,16","3,12","3,15","3,76","4,77","3,49","4,03","4,37","3,87","4,02","5,25","5,86","7,09","8,28","8,40","8,80","8,69","10,71","10,88","10,62","10,48","10,78","9,92","10,18","9,83","8,89","8,54","8,18","7,93","5,87","6,44","7,55","7,12","6,58","6,36","5,67","4,59","4,26","4,04","4,18","4,79","6,62","5,69","4,53","4,79","4,94","5,17","5,78","5,78","6,16","6,07","4,76","4,10","3,25","3,48","4,33","4,80","4,10","3,99","3,50","3,60","2,96","2,88","4,04","4,21","5,88","6,06","5,98","5,76","6,19","5,82","5,78","6,18","6,58","6,43","6,02","5,68","4,07","3,81","4,08","4,31","4,10","5,22","5,26"
261 Servicios turísticos en paquete,N/E,N/E,N/E,N/E,N/E,N/E,N/E,N/E,N/E,N/E,N/E,N/E,N/E,N/E,N/E,N/E,N/E,N/E,N/E,N/E,N/E,N/E,N/E,N/E,N/E,N/E,N/E,N/E,N/E,N/E,N/E,N/E,N/E,N/E,N/E,N/E,N/E,N/E,N/E,N/E,N/E,N/E,N/E,N/E,N/E,N/E,N/E,N/E,N/E,N/E,N/E,N/E,N/E,N/E,N/E,N/E,N/E,N/E,N/E,N/E,N/E,N/E,N/E,N/E,N/E,N/E,N/E,N/E,N/E,N/E,N/E,N/E,N/E,N/E,N/E,N/E,N/E,N/E,N/E,N/E,N/E,N/E,N/E,N/E,N/E,N/E,N/E,N/E,N/E,N/E,N/E,N/E,N/E,N/E,N/E,N/E,N/E,N/E,N/E,N/E,N/E,N/E,N/E,N/E,N/E,N/E,N/E,N/E,N/E,N/E,N/E,N/E,N/E,N/E,N/E,N/E,N/E,N/E,N/E,N/E,N/E,N/E,N/E,N/E,N/E,N/E,N/E,N/E,N/E,N/E,N/E,N/E,N/E,N/E,N/E,N/E,N/E,N/E,N/E,N/E,N/E,N/E,N/E,N/E,N/E,N/E,N/E,N/E,N/E,N/E,N/E,N/E,N/E,N/E,N/E,N/E,N/E,N/E,N/E,N/E,N/E,N/E,N/E,N/E,N/E,N/E,N/E,N/E,N/E,N/E,N/E,N/E,N/E,N/E,N/E,N/E,N/E,N/E,N/E,N/E,N/E,N/E,N/E,N/E,N/E,N/E,N/E,N/E,N/E,N/E,N/E,N/E,N/E,N/E,N/E,N/E,N/E,N/E,N/E,N/E,N/E,N/E,N/E,N/E,N/E,N/E,N/E,N/E,N/E,N/E,N/E,N/E,N/E,N/E,N/E,N/E,N/E,N/E,N/E,N/E,N/E,N/E,N/E,N/E,N/E,N/E,N/E,N/E,N/E,N/E,N/E,N/E,N/E,N/E,N/E,N/E,N/E,N/E,N/E,N/E,N/E,N/E,N/E,N/E,N/E,N/E,N/E,N/E,N/E,N/E,N/E,N/E,N/E,N/E,N/E,N/E,N/E,N/E,N/E,N/E,N/E,N/E,N/E,N/E,N/E,N/E,N/E,N/E,N/E,N/E,N/E,N/E,N/E,N/E,N/E,N/E,N/E,N/E,N/E,N/E,N/E,N/E,N/E,N/E,N/E,N/E,N/E,N/E,N/E,N/E,N/E,N/E,N/E,N/E,N/E,N/E,N/E,N/E,N/E,N/E,N/E,N/E,N/E,N/E,N/E,N/E,N/E,N/E,N/E,N/E,N/E,N/E,N/E,N/E,N/E,N/E,N/E,N/E,N/E,N/E,N/E,N/E,N/E,N/E,N/E,N/E,N/E,N/E,N/E,N/E,N/E,N/E,N/E,N/E,N/E,N/E,N/E,N/E,N/E,N/E,N/E,N/E,N/E,N/E,N/E,N/E,N/E,N/E,N/E,N/E,N/E,N/E,N/E,N/E,N/E,N/E,N/E,N/E,N/E,N/E,N/E,N/E,N/E,N/E,N/E,N/E,N/E,N/E,N/E,N/E,N/E,N/E,N/E,N/E,N/E,N/E,N/E,N/E,N/E,N/E,N/E,N/E,N/E,N/E,N/E,N/E,N/E,N/E,N/E,N/E,N/E,N/E,N/E,N/E,N/E,N/E,N/E,N/E,N/E,N/E,N/E,N/E,N/E,N/E,N/E,N/E,N/E,N/E,N/E,N/E,N/E,N/E,N/E,N/E,"10,01","6,08","3,15","9,72","8,99","10,15","8,23","8,13","8,93","1,72","2,00","4,88","4,41","5,45","7,55","6,33","7,51","5,70","8,46","9,11","12,16","6,05","6,43","8,60","9,50","6,66","5,96","5,15","5,26","9,23","2,64","2,01","2,40","9,91","3,33","3,99","6,37","4,94","6,40","7,45","7,39","3,70","4,81","5,89","7,10","-1,87","2,50","1,80","-0,72","0,11","-1,31","-1,18","-1,45","2,68","1,79","2,81","2,38","2,06","3,08","3,20","7,60","6,88","8,78","10,53","10,91","10,78","6,20","4,96","2,19","4,25","0,50","-1,88","-3,93","-2,37","-3,68","-4,50","-5,38","-1,31","-0,48","-0,60","5,02","0,30","2,65","6,30","8,78","4,17","4,16","3,40","3,62","-0,61","2,77","1,69","-4,26","7,18","3,51","0,43","0,65","1,53","2,72","4,01","4,91","5,72","4,47","5,24","11,07","0,60","5,47","7,11","6,06","4,72","4,57","4,68","4,73","1,59","2,93","4,96","3,97","2,72","3,15","3,93","1,80","2,42","0,88","0,77","0,35","4,90","2,39","2,78","-2,37","13,02","4,34","1,95","5,02","3,67","5,41","5,51","6,17","5,13","5,88","4,57","13,07","-3,13","5,07","6,30","6,84","6,64","6,33","7,47","6,52","7,62","6,29","4,13","3,81","3,16","4,38","6,66","4,62","5,00","5,91","2,38","6,88","6,38","4,46","7,95","5,30","18,50","7,69","6,29","7,75","6,88","4,44","6,91","6,56","4,24","3,42","3,33","7,99","-4,87","6,44","5,65","0,73","1,32","3,36","7,71","2,93","8,64","6,42","5,47","-3,89","17,93","1,10","4,34","4,65","6,65","4,60","1,93","3,96","2,16","1,26","1,49","-0,90","-13,38","-3,29","-6,78","-11,92","-6,40","-4,79","-5,20","-8,61","-12,69","-11,90","-13,58","-4,52","-4,80","1,16","4,35","9,19","4,18","4,55","7,31","12,07","19,99","13,66","16,28"
